Workbook

Sheet Table of Contents
A1: Dynamic Compression Experiment
A2: 1. Experiment List
A3: 2. Data Summary
A4: 3. Data Statistics
A5: 4. Viability
A6: 5. Biochem
A7: 5.1 - Alamar Blue Raw
A8: 5.2 - Alamar Blue Analysis
A9: 5.3 - PicoGreen
A10: 5.4 - DMMB
A11: 5.5 - OHP
A12: 5.6 - Weights
A13: 5.7 - Rx

Sheet Experiment List
A1: Experiment Name | B1: Date | C1: Group | D1: Output 1 | E1: Output 2 | J1: Sample Size
A2: DC1 | B2: 8/15-8/22 | C2: 4m 5% | D2: N/A | E2: N/A | J2: Age | K2: Strain | L2: Time | M2: Viability | N2: Biochem | O2: Dual Rx | P2: Thymidine | Q2: Histology | R2: PCR
A3: DC2 | B3: 8/25-9/1 | C3: 24m 5% | D3: Rx - 1? | E3: N/A | J3: 4m | K3: 0.05 | L3: D1
A4: DC3 | B4: 9/5-9/12 | C4: 4m 5% | D4: Rx - 5 | E4: N/A | L4: D7 | N4: 5 | O4: 5
A5: DC4 | B5: 9/19-9/26 | C5: 24m 5% | K5: 0.15 | L5: D1
L6: D7
J7: 24m | K7: 0.05 | L7: D1
L8: D7 | N8: 7 | O8: 7
K9: 0.15 | L9: D1
L10: D7 | N10: 4 | O10: 4

Sheet Data Summary
A1: Table of Contents | B1: Age | C1: Sex | D1: Strain | E1: Time | F1: % Live | G1: Alamar Blue | H1: Picogreen | J1: DMMB | M1: OHP - Collagen | P1: Proline Incorporation | S1: S35 Incorporation | V1: Thymidine Incorporation
H2: Raw | I2: Picogreen (DW) | J2: Raw | K2: DNA | L2: DW | M2: Raw (ug) | N2: DNA | O2: DW (ug/mg) | P2: Raw | Q2: DNA | R2: DW | S2: Raw | T2: DNA | U2: DW | V2: Raw | W2: DNA | X2: DW
B3: 4m | C3: Male | D3: 0.05 | E3: D1
E4: D7
D5: 0.15 | E5: D1
E6: D7
B7: 24m | C7: Male | D7: 0.05 | E7: D1
E8: D7
D9: 0.15 | E9: D1
E10: D7

Sheet Statistics
A1: Table of Contents
B2: Age + Sex | C2: Strain | D2: Timepoint | E2: % Live - By Sample | H2: % Live - By Image | K2: AB | N2: Picogreen (DW) | Q2: DMMB (DW) | T2: OHP(DW) | W2: Proline(DW) | Z2: S35(DW) | AC2: Thymidine(DW)
E3: Mean | F3: St Dev | G3: Count | H3: Mean | I3: St Dev | J3: Count | K3: Mean | L3: St Dev | M3: Count | N3: Mean | O3: St Dev | P3: Count | Q3: Mean | R3: St Dev | S3: Count | T3: Mean | U3: St Dev | V3: Count | W3: Mean | X3: St Dev | Y3: Count | Z3: Mean | AA3: St Dev | AB3: Count | AC3: Mean | AD3: St Dev | AE3: Count
B4: 4m-male | D4: D0 | E4: 39.009623 | F4: 10.472338 | G4: 4 | H4: 39.009623 | I4: 11.870245 | J4: 8 | K4: 1.2432736 | L4: 0.074529071 | M4: 8 | N4: 150.83507 | O4: 51.74052 | P4: 6 | Q4: 612.40795 | R4: 109.58385 | S4: 6 | T4: 174.59314 | U4: 36.666754 | V4: 6 | AF4: 2619.6667 | AG4: 383.67078 | AH4: 3 | AI4: 0.0038176667 | AJ4: 0.00079198253 | AK4: 3 | AL4: 0.26864552 | AM4: 0.052847587 | AN4: 3 | AO4: 1.8753856 | AP4: 0.023992398 | AQ4: 3 | AR4: 29.19928 | AS4: 7.2258772 | AT4: 3 | AU4: 0.93122222 | AV4: 0.013459129 | AW4: 3 | AX4: 86.662222 | AY4: 4.5343447 | AZ4: 3 | BA4: 0.98122222 | BB4: 0.0083688134 | BC4: 3
C5: 0.05 | D5: D1 | K5: =AVERAGE('Biochem Summary'!G11:G21) -> 1.3322142 | L5: =STDEV('Biochem Summary'!G11:G21) -> 0.17034275 | M5: 11 | N5: =AVERAGE('Biochem Summary'!I11:I21) -> 119.18294 | O5: =STDEV('Biochem Summary'!I11:I21) -> 20.251761 | P5: =COUNT('Biochem Summary'!I11:I21) -> 11 | Q5: =AVERAGE('Biochem Summary'!L11:L21) -> 513.88302 | R5: =STDEV('Biochem Summary'!L11:L21) -> 47.582311 | S5: =COUNT('Biochem Summary'!L11:L21) -> 11 | T5: =AVERAGE('Biochem Summary'!O11:O21) -> 205.84009 | U5: =STDEV('Biochem Summary'!O11:O21) -> 78.434477 | V5: 11 | W5: =AVERAGE('Biochem Summary'!R11:R21) -> 0.0015097443 | X5: =STDEV('Biochem Summary'!R11:R21) -> 0.0014919756 | Y5: 11 | Z5: =AVERAGE('Biochem Summary'!U11:U21) -> 1.8827039 | AA5: =STDEV('Biochem Summary'!U11:U21) -> 0.89630384 | AB5: 11
D6: D7 | K6: =AVERAGE('Biochem Summary'!G48:G57) -> 1.4418092 | L6: =STDEV('Biochem Summary'!G48:G57) -> 0.12759275 | M6: =COUNT('Biochem Summary'!G48:G57) -> 8 | N6: =AVERAGE('Biochem Summary'!I48:I57) -> 43.135964 | O6: =STDEV('Biochem Summary'!I48:I57) -> 14.621319 | P6: =COUNT('Biochem Summary'!K48:K57) -> 7 | Q6: =AVERAGE('Biochem Summary'!L48:L57) -> 422.79686 | R6: =STDEV('Biochem Summary'!L48:L57) -> 77.303035 | S6: =COUNT('Biochem Summary'!L48:L57) -> 7 | T6: =AVERAGE('Biochem Summary'!O48:O57) -> 192.92931 | U6: =STDEV('Biochem Summary'!O48:O57) -> 102.00892 | V6: 7 | W6: =AVERAGE('Biochem Summary'!R48:R57) -> 0.00079472197 | X6: =STDEV('Biochem Summary'!R48:R57) -> 0.00058257152 | Y6: =COUNT('Biochem Summary'!R48:R57) -> 7 | Z6: =AVERAGE('Biochem Summary'!U48:U57) -> 1.2736106 | AA6: =STDEV('Biochem Summary'!U48:U57) -> 0.52478632 | AB6: =COUNT('Biochem Summary'!U48:U57) -> 7
C7: 0.15 | D7: D1 | K7: =AVERAGE('Biochem Summary'!G22:G32) -> 1.4631902 | L7: =STDEV('Biochem Summary'!G22:G32) -> 0.17519608 | M7: =COUNT('Biochem Summary'!G22:G32) -> 6 | N7: =AVERAGE('Biochem Summary'!I22:I32) -> 102.55101 | O7: =STDEV('Biochem Summary'!I22:I32) -> 47.53408 | P7: =COUNT('Biochem Summary'!I22:I32) -> 10 | Q7: =AVERAGE('Biochem Summary'!L22:L32) -> 528.63646 | R7: =STDEV('Biochem Summary'!L22:L32) -> 108.28852 | S7: =COUNT('Biochem Summary'!L22:L32) -> 10 | T7: =AVERAGE('Biochem Summary'!O22:O32) -> 192.87068 | U7: =STDEV('Biochem Summary'!O22:O32) -> 27.249101 | V7: 10 | W7: =AVERAGE('Biochem Summary'!R22:R32) -> 0.0016995766 | X7: =STDEV('Biochem Summary'!R22:R32) -> 0.0013604158 | Y7: 10 | Z7: =AVERAGE('Biochem Summary'!U22:U32) -> 1.9413706 | AA7: =STDEV('Biochem Summary'!U22:U32) -> 0.82423013 | AB7: =COUNT('Biochem Summary'!U22:U32) -> 10
D8: D7 | K8: =AVERAGE('Biochem Summary'!G58:G77) -> 2.4449692 | L8: =STDEV('Biochem Summary'!G58:G77) -> 0.52846854 | M8: =COUNT('Biochem Summary'!G58:G77) -> 12 | N8: =AVERAGE('Biochem Summary'!I58:I77) -> 47.896515 | O8: =STDEV('Biochem Summary'!I58:I77) -> 14.40118 | P8: =COUNT('Biochem Summary'!I58:I77) -> 10 | Q8: =AVERAGE('Biochem Summary'!L58:L77) -> 396.41981 | R8: =STDEV('Biochem Summary'!L58:L77) -> 136.71096 | S8: =COUNT('Biochem Summary'!L58:L77) -> 14 | T8: =AVERAGE('Biochem Summary'!O58:O77) -> 175.56916 | U8: =STDEV('Biochem Summary'!O58:O77) -> 30.530226 | V8: 14 | W8: =AVERAGE('Biochem Summary'!R58:R77) -> 0.0015845715 | X8: =STDEV('Biochem Summary'!R58:R77) -> 0.002164495 | Y8: =COUNT('Biochem Summary'!R58:R77) -> 14 | Z8: =AVERAGE('Biochem Summary'!U58:U77) -> 2.8138329 | AA8: =STDEV('Biochem Summary'!U58:U77) -> 3.2173104 | AB8: =COUNT('Biochem Summary'!U58:U77) -> 14
C9: 0.3 | D9: D1 | K9: =AVERAGE('Biochem Summary'!G231:G235) -> 1.5134328 | L9: =STDEV('Biochem Summary'!G231:G235) -> 0.16606783 | M9: =COUNT('Biochem Summary'!G231:G235) -> 5 | N9: =AVERAGE('Biochem Summary'!I231:I235) -> 69.393489 | O9: =STDEV('Biochem Summary'!I231:I235) -> 24.902391 | P9: 5 | Q9: =AVERAGE('Biochem Summary'!L231:L235) -> 441.6438 | R9: =STDEV('Biochem Summary'!L231:L235) -> 14.725938 | S9: 5 | T9: =AVERAGE('Biochem Summary'!O231:O235) -> 218.29219 | U9: =STDEV('Biochem Summary'!O231:O235) -> 11.724579 | V9: 5 | W9: =AVERAGE('Biochem Summary'!R231:R235) -> 0.00074483855 | X9: =STDEV('Biochem Summary'!R231:R235) -> 0.00017496623 | Y9: 5 | Z9: =AVERAGE('Biochem Summary'!U231:U235) -> 2.4046623 | AA9: =STDEV('Biochem Summary'!U231:U235) -> 0.73178755 | AB9: 5
D10: D7 | K10: =AVERAGE('Biochem Summary'!G236:G240) -> 2.0730539 | L10: =STDEV('Biochem Summary'!G236:G240) -> 0.28524623 | M10: =COUNT('Biochem Summary'!G236:G240) -> 5 | N10: =AVERAGE('Biochem Summary'!I236:I240) -> 25.739559 | O10: =STDEV('Biochem Summary'!I236:I240) -> 15.575427 | P10: 5 | Q10: =AVERAGE('Biochem Summary'!L236:L240) -> 366.98137 | R10: =STDEV('Biochem Summary'!L236:L240) -> 33.774547 | S10: 5 | T10: =AVERAGE('Biochem Summary'!O236:O240) -> 220.82534 | U10: =STDEV('Biochem Summary'!O236:O240) -> 14.464402 | V10: 5 | W10: =AVERAGE('Biochem Summary'!R236:R240) -> 0.0013242268 | X10: =STDEV('Biochem Summary'!R236:R240) -> 0.00060772298 | Y10: 5 | Z10: =AVERAGE('Biochem Summary'!U236:U240) -> 0.76697173 | AA10: =STDEV('Biochem Summary'!U236:U240) -> 0.9690947 | AB10: 5
C11: 0.5 | D11: D1 | K11: =AVERAGE('Biochem Summary'!G242:G246) -> 1.7146341 | L11: =STDEV('Biochem Summary'!G242:G246) -> 0.41271075 | M11: 5 | N11: =AVERAGE('Biochem Summary'!I242:I246) -> 92.486726 | O11: =STDEV('Biochem Summary'!I242:I246) -> 27.798286 | P11: =COUNT('Biochem Summary'!I242:I246) -> 5 | Q11: =AVERAGE('Biochem Summary'!L242:L246) -> 327.86376 | R11: =STDEV('Biochem Summary'!L242:L246) -> 47.470579 | S11: =COUNT('Biochem Summary'!L242:L246) -> 5 | T11: =AVERAGE('Biochem Summary'!O242:O246) -> 213.79599 | U11: =STDEV('Biochem Summary'!O242:O246) -> 11.461004 | V11: 5 | W11: =AVERAGE('Biochem Summary'!R242:R246) -> 0.00041689855 | X11: =STDEV('Biochem Summary'!R242:R246) -> 0.00023957863 | Y11: =COUNT('Biochem Summary'!R242:R246) -> 5 | Z11: =AVERAGE('Biochem Summary'!U242:U246) -> 2.1019503 | AA11: =STDEV('Biochem Summary'!U242:U246) -> 1.1957712 | AB11: =COUNT('Biochem Summary'!U242:U246) -> 5
D12: D7 | K12: =AVERAGE('Biochem Summary'!G247:G252) -> 1.7403628 | L12: =STDEV('Biochem Summary'!G247:G252) -> 0.15544875 | M12: =COUNT('Biochem Summary'!G247:G252) -> 6 | N12: =AVERAGE('Biochem Summary'!I247:I255) -> 50.060703 | O12: =STDEV('Biochem Summary'!I247:I255) -> 16.681632 | P12: =COUNT('Biochem Summary'!I247:I255) -> 9 | Q12: =AVERAGE('Biochem Summary'!L247:L255) -> 320.97551 | R12: =STDEV('Biochem Summary'!L247:L255) -> 52.127426 | S12: =COUNT('Biochem Summary'!L247:L255) -> 9 | T12: =AVERAGE('Biochem Summary'!O247:O255) -> 224.80546 | U12: =STDEV('Biochem Summary'!O247:O255) -> 17.447427 | V12: =COUNT('Biochem Summary'!O247:O255) -> 9 | W12: =AVERAGE('Biochem Summary'!R247:R252) -> 0.00087163256 | X12: =STDEV('Biochem Summary'!R247:R252) -> 0.00039399988 | Y12: =COUNT('Biochem Summary'!R247:R252) -> 6 | Z12: =AVERAGE('Biochem Summary'!U247:U252) -> 6.4126147 | AA12: =STDEV('Biochem Summary'!U247:U252) -> 2.7605894 | AB12: =COUNT('Biochem Summary'!U247:U252) -> 6
C13: 50%-1hr | D13: D1 | K13: =AVERAGE('Biochem Summary'!G257:G266) -> 1.4985618 | L13: =STDEV('Biochem Summary'!G257:G266) -> 0.12520391 | M13: =COUNT('Biochem Summary'!G257:G266) -> 10 | N13: =AVERAGE('Biochem Summary'!I257:I266) -> 98.459168 | O13: =STDEV('Biochem Summary'!I257:I266) -> 37.815314 | P13: =COUNT('Biochem Summary'!I257:I266) -> 10 | Q13: =AVERAGE('Biochem Summary'!L257:L266) -> 461.4624 | R13: =STDEV('Biochem Summary'!L257:L266) -> 41.86764 | S13: 10 | T13: =AVERAGE('Biochem Summary'!O257:O266) -> 224.61794 | U13: =STDEV('Biochem Summary'!O257:O266) -> 9.9681121 | V13: =COUNT('Biochem Summary'!O257:O266) -> 5 | W13: =AVERAGE('Biochem Summary'!R257:R266) -> 0.00051703621 | X13: =STDEV('Biochem Summary'!R257:R266) -> 0.00014644894 | Y13: 10 | Z13: =AVERAGE('Biochem Summary'!U257:U266) -> 1.8282355 | AA13: =STDEV('Biochem Summary'!U257:U266) -> 0.53797586 | AB13: 10
D14: D7 | K14: =AVERAGE('Biochem Summary'!G267:G282) -> 2.1239083 | L14: =STDEV('Biochem Summary'!G267:G282) -> 0.35764121 | M14: =COUNT('Biochem Summary'!G267:G282) -> 14 | N14: =AVERAGE('Biochem Summary'!I267:I282) -> 54.978423 | O14: =STDEV('Biochem Summary'!I267:I282) -> 31.595828 | P14: =COUNT('Biochem Summary'!I267:I282) -> 15 | Q14: =AVERAGE('Biochem Summary'!L267:L282) -> 518.34689 | R14: =STDEV('Biochem Summary'!L267:L282) -> 144.98218 | S14: =COUNT('Biochem Summary'!L267:L282) -> 15 | T14: =AVERAGE('Biochem Summary'!O267:O282) -> 157.42433 | U14: =STDEV('Biochem Summary'!O267:O282) -> 22.863957 | V14: =COUNT('Biochem Summary'!O267:O282) -> 11 | W14: =AVERAGE('Biochem Summary'!R267:R282) -> 0.00062925718 | X14: =STDEV('Biochem Summary'!R267:R282) -> 0.00022681835 | Y14: =COUNT('Biochem Summary'!R267:R282) -> 15 | Z14: =AVERAGE('Biochem Summary'!U267:U282) -> 6.8719653 | AA14: =STDEV('Biochem Summary'!U267:U282) -> 4.6264554 | AB14: =COUNT('Biochem Summary'!U267:U282) -> 15
C15: AI | D15: D1 | E15: 29.269726 | F15: 5.5703797 | G15: 4 | H15: 29.269726 | I15: 5.3427392 | J15: 8 | K15: 1.2283951 | L15: 0.30505946 | M15: 6 | N15: 168.75377 | O15: 21.459116 | P15: 15 | Q15: 541.31632 | R15: 66.380663 | S15: 15 | T15: 218.00681 | U15: 14.928957 | V15: 15 | W15: 0.0083860996 | X15: 0.0021818107 | Y15: 5 | Z15: 3.4244622 | AA15: 0.96270111 | AB15: 5 | AC15: 0.0081070354 | AD15: 0.0032881141 | AE15: 4 | AF15: 2532.3333 | AG15: 690.22412 | AH15: 3 | AI15: 0.003056 | AJ15: 0.0015890274 | AK15: 3 | AL15: 3.3839267 | AM15: 0.7201856 | AN15: 3 | AO15: 1.8252815 | AP15: 0.085454427 | AQ15: 3 | AR15: 34.359469 | AS15: 9.1701703 | AT15: 3 | AU15: 0.93681481 | AV15: 0.013556163 | AW15: 3 | AX15: 87.57 | AY15: 9.7814865 | AZ15: 3 | BA15: 0.99207407 | BB15: 0.0039601929 | BC15: 3 | BG15: 3.6166499 | BH15: 0.57798006 | BI15: 15
D16: D7 | E16: 28.728127 | F16: 4.715431 | G16: 4 | H16: 28.728127 | I16: 7.5141947 | J16: 8 | K16: =AVERAGE('Biochem Summary'!G78:G101) -> 2.0558081 | L16: =STDEV('Biochem Summary'!G78:G101) -> 0.29185534 | M16: =COUNT('Biochem Summary'!G78:G101) -> 11 | N16: =AVERAGE('Biochem Summary'!I78:I101) -> 79.245452 | O16: =STDEV('Biochem Summary'!I78:I101) -> 25.151716 | P16: =COUNT('Biochem Summary'!I78:I101) -> 24 | Q16: =AVERAGE('Biochem Summary'!L78:L101) -> 544.5202 | R16: =STDEV('Biochem Summary'!L78:L101) -> 112.38185 | S16: =COUNT('Biochem Summary'!L78:L101) -> 24 | T16: =AVERAGE('Biochem Summary'!O78:O101) -> 175.98521 | U16: =STDEV('Biochem Summary'!O78:O101) -> 27.823333 | V16: =COUNT('Biochem Summary'!O78:O101) -> 16 | W16: =AVERAGE('Biochem Summary'!R78:R101) -> 0.0026616624 | X16: =STDEV('Biochem Summary'!R78:R101) -> 0.0033394463 | Y16: =COUNT('Biochem Summary'!R78:R101) -> 18 | Z16: =AVERAGE('Biochem Summary'!U78:U101) -> 8.8195288 | AA16: =STDEV('Biochem Summary'!U78:U101) -> 2.7309068 | AB16: =COUNT('Biochem Summary'!U78:U101) -> 18 | AC16: 0.097025408 | AD16: 0.026228716 | AE16: 5 | AF16: 2136.9 | AG16: 520.46324 | AH16: 4 | AI16: 0.003227 | AJ16: 0.00045494175 | AK16: 4 | AL16: 3.6647318 | AM16: 0.53069818 | AN16: 4 | AO16: 1.8572762 | AP16: 0.072707136 | AQ16: 4 | AR16: 30.272814 | AS16: 1.5134509 | AT16: 4 | AU16: 0.93333333 | AV16: 0.0027216553 | AW16: 4 | AX16: 90.463472 | AY16: 1.0957117 | AZ16: 4 | BA16: 0.9805 | BB16: 0.012273126 | BC16: 4 | BD16: 0.29791305 | BE16: 0.019185382 | BF16: 5 | BG16: 3.6765525 | BH16: 0.26593137 | BI16: 16 | BJ16: 40.4151 | BK16: 16.031992 | BL16: 8 | BM16: 85.750737 | BN16: 25.850142 | BO16: 8 | BP16: 5.942925 | BQ16: 2.0710065 | BR16: 8 | BS16: 12.255063 | BT16: 4.0396714 | BU16: 8 | BV16: 0.236225 | BW16: 0.1335527 | BX16: 8
D17: D7-unload | E17: 36.192699 | F17: 7.8084947 | G17: 4 | H17: 36.192699 | I17: 9.7747101 | J17: 8 | K17: =AVERAGE('Biochem Summary'!G102:G131) -> 2.1052947 | L17: =STDEV('Biochem Summary'!G33:G102) -> 0.60044979 | M17: =COUNT('Biochem Summary'!G102:G131) -> 15 | N17: =AVERAGE('Biochem Summary'!I102:I131) -> 66.842175 | O17: =STDEV('Biochem Summary'!I102:I131) -> 20.270251 | P17: =COUNT('Biochem Summary'!I102:I131) -> 5 | Q17: =AVERAGE('Biochem Summary'!L102:L131) -> 337.61039 | R17: =STDEV('Biochem Summary'!L93:L131) -> 187.90645 | S17: =COUNT('Biochem Summary'!L102:L131) -> 10 | T17: =AVERAGE('Biochem Summary'!O102:O131) -> 173.28957 | U17: =STDEV('Biochem Summary'!O102:O131) -> 12.179805 | V17: =COUNT('Biochem Summary'!O102:O131) -> 10 | W17: =AVERAGE('Biochem Summary'!R102:R131) -> 0.00064434414 | X17: =STDEV('Biochem Summary'!R102:R131) -> 0.00036625593 | Y17: =COUNT('Biochem Summary'!R102:R131) -> 10 | Z17: =AVERAGE('Biochem Summary'!U102:U131) -> 3.5517875 | AA17: =STDEV('Biochem Summary'!U108:U131) -> 3.7552936 | AB17: =COUNT('Biochem Summary'!U108:U131) -> 9 | AC17: 0.045634447 | AD17: 0.019787543 | AE17: 4
B18: 24m-male | D18: D0 | E18: 38.28823 | F18: 12.790351 | G18: 4 | H18: 38.28823 | I18: 15.324829 | J18: 8 | K18: 1.1545075 | L18: 0.21537649 | M18: 8 | N18: 154.68957 | O18: 41.809467 | P18: 7 | Q18: 435.63999 | R18: 65.645768 | S18: 6 | T18: 180.42607 | U18: 12.322201 | V18: 6 | AF18: 1913.5 | AG18: 603.16208 | AH18: 2 | AI18: 0.002921 | AJ18: 0.00011172287 | AK18: 2 | AL18: 0.20529449 | AM18: 0.0018264083 | AN18: 2 | AO18: 1.8583289 | AP18: 0.10242087 | AQ18: 3 | AR18: 25.841027 | AS18: 4.1730647 | AT18: 3 | AU18: 0.928 | AV18: 0.0072111026 | AW18: 3 | AX18: 90.325556 | AY18: 3.035853 | AZ18: 3 | BA18: 0.9725 | BB18: 0.0091666667 | BC18: 3
C19: 0.05 | D19: D1 | K19: =AVERAGE('Biochem Summary'!G138:G148) -> 1.2583504 | L19: =STDEV('Biochem Summary'!G138:G148) -> 0.061301748 | M19: =COUNT('Biochem Summary'!G138:G148) -> 11 | N19: =AVERAGE('Biochem Summary'!I139:I148) -> 70.507213 | O19: =STDEV('Biochem Summary'!I139:I148) -> 23.358749 | P19: =COUNT('Biochem Summary'!I138:I148) -> 10 | Q19: =AVERAGE('Biochem Summary'!L139:L148) -> 401.87166 | R19: =STDEV('Biochem Summary'!L139:L148) -> 57.893788 | S19: =COUNT('Biochem Summary'!L138:L148) -> 10 | T19: =AVERAGE('Biochem Summary'!O139:O143) -> 182.54364 | U19: =STDEV('Biochem Summary'!O139:O143) -> 37.525575 | V19: 5 | W19: =AVERAGE('Biochem Summary'!R139:R148) -> 0.0015262554 | X19: =STDEV('Biochem Summary'!R139:R148) -> 0.0016552749 | Y19: 10 | Z19: =AVERAGE('Biochem Summary'!U139:U148) -> 1.3224863 | AA19: =STDEV('Biochem Summary'!U139:U148) -> 0.4419584 | AB19: 10
D20: D7 | K20: =AVERAGE('Biochem Summary'!G160:G171) -> 2.6467639 | L20: =STDEV('Biochem Summary'!G160:G171) -> 0.37787302 | M20: =COUNT('Biochem Summary'!G160:G166) -> 7 | N20: =AVERAGE('Biochem Summary'!I160:I171) -> 30.06435 | O20: =STDEV('Biochem Summary'!I160:I171) -> 8.4609926 | P20: =COUNT('Biochem Summary'!K160:K171) -> 10 | Q20: =AVERAGE('Biochem Summary'!L160:L171) -> 422.93606 | R20: =STDEV('Biochem Summary'!L160:L171) -> 93.709446 | S20: =COUNT('Biochem Summary'!L160:L171) -> 10 | T20: =AVERAGE('Biochem Summary'!O161:O166) -> 150.86989 | U20: =STDEV('Biochem Summary'!O161:O166) -> 11.097124 | V20: 6 | W20: =AVERAGE('Biochem Summary'!R161:R166) -> 0.00089044864 | X20: =STDEV('Biochem Summary'!R161:R166) -> 0.00043620044 | Y20: =COUNT('Biochem Summary'!R161:R166) -> 6 | Z20: =AVERAGE('Biochem Summary'!U161:U166) -> 0.89187519 | AA20: =STDEV('Biochem Summary'!U161:U166) -> 0.28714684 | AB20: =COUNT('Biochem Summary'!U161:U166) -> 6
C21: 0.15 | D21: D1 | K21: =AVERAGE('Biochem Summary'!G149:G159) -> 1.5449898 | L21: =STDEV('Biochem Summary'!G149:G159) -> 0.13039757 | M21: =COUNT('Biochem Summary'!G149:G159) -> 6 | N21: =AVERAGE('Biochem Summary'!I149:I159) -> 73.936742 | O21: =STDEV('Biochem Summary'!I149:I159) -> 20.507167 | P21: =COUNT('Biochem Summary'!I149:I159) -> 11 | Q21: =AVERAGE('Biochem Summary'!L149:L159) -> 413.57951 | R21: =STDEV('Biochem Summary'!L149:L159) -> 83.914014 | S21: =COUNT('Biochem Summary'!K149:K159) -> 11 | T21: =AVERAGE('Biochem Summary'!O149:O154) -> 174.10143 | U21: =STDEV('Biochem Summary'!O149:O154) -> 37.23204 | V21: 6 | W21: =AVERAGE('Biochem Summary'!R149:R154) -> 0.0013206986 | X21: =STDEV('Biochem Summary'!R149:R154) -> 0.0001608061 | Y21: 6 | Z21: =AVERAGE('Biochem Summary'!U149:U154) -> 2.7372694 | AA21: =STDEV('Biochem Summary'!U149:U154) -> 0.75867488 | AB21: 6
D22: D7 | K22: =AVERAGE('Biochem Summary'!G172:G183) -> 2.253565 | L22: =STDEV('Biochem Summary'!G172:G183) -> 0.69397144 | M22: =COUNT('Biochem Summary'!G172:G183) -> 10 | N22: =AVERAGE('Biochem Summary'!I172:I183) -> 32.988537 | O22: =STDEV('Biochem Summary'!I172:I183) -> 14.402901 | P22: =COUNT('Biochem Summary'!K172:K183) -> 10 | Q22: =AVERAGE('Biochem Summary'!L172:L183) -> 382.05304 | R22: =STDEV('Biochem Summary'!L172:L183) -> 96.821043 | S22: =COUNT('Biochem Summary'!L172:L183) -> 10 | T22: =AVERAGE('Biochem Summary'!O172:O183) -> 164.04631 | U22: =STDEV('Biochem Summary'!O172:O183) -> 19.972562 | V22: =COUNT('Biochem Summary'!O172:O183) -> 10 | W22: =AVERAGE('Biochem Summary'!R172:R183) -> 0.00040235828 | X22: =STDEV('Biochem Summary'!R172:R183) -> 0.00021383201 | Y22: =COUNT('Biochem Summary'!R172:R183) -> 10 | Z22: =AVERAGE('Biochem Summary'!U172:U183) -> 3.8632872 | AA22: =STDEV('Biochem Summary'!U172:U183) -> 3.421718 | AB22: =COUNT('Biochem Summary'!U172:U183) -> 10
C23: 0.5 | D23: D1 | K23: =AVERAGE('Biochem Summary'!G283:G287) -> 1.3881579 | L23: =STDEV('Biochem Summary'!G283:G287) -> 0.12816289 | M23: =COUNT('Biochem Summary'!G283:G287) -> 5 | N23: =AVERAGE('Biochem Summary'!I283:I287) -> 84.136365 | O23: =STDEV('Biochem Summary'!I283:I287) -> 35.932278 | P23: =COUNT('Biochem Summary'!I283:I287) -> 5 | Q23: =AVERAGE('Biochem Summary'!L283:L287) -> 408.64451 | R23: =STDEV('Biochem Summary'!L283:L287) -> 64.657861 | S23: =COUNT('Biochem Summary'!L283:L287) -> 5 | T23: =AVERAGE('Biochem Summary'!O283:O287) -> 189.16382 | U23: =STDEV('Biochem Summary'!O283:O287) -> 19.490712 | V23: =COUNT('Biochem Summary'!O283:O287) -> 5 | W23: =AVERAGE('Biochem Summary'!R283:R287) -> 0.00026827132 | X23: =STDEV('Biochem Summary'!R283:R287) -> 0.0001035908 | Y23: =COUNT('Biochem Summary'!R283:R287) -> 5 | Z23: =AVERAGE('Biochem Summary'!U283:U287) -> 1.684711 | AA23: =STDEV('Biochem Summary'!U283:U287) -> 0.4969208 | AB23: =COUNT('Biochem Summary'!U283:U287) -> 5
D24: D7 | K24: =AVERAGE('Biochem Summary'!G288:G302) -> 2.5448954 | L24: =STDEV('Biochem Summary'!G288:G302) -> 0.65734216 | M24: =COUNT('Biochem Summary'!G288:G302) -> 7 | N24: =AVERAGE('Biochem Summary'!I288:I302) -> 55.476131 | O24: =STDEV('Biochem Summary'!I288:I302) -> 21.743477 | P24: =COUNT('Biochem Summary'!I288:I302) -> 9 | Q24: =AVERAGE('Biochem Summary'!L288:L302) -> 474.69437 | R24: =STDEV('Biochem Summary'!L288:L302) -> 60.603723 | S24: =COUNT('Biochem Summary'!L288:L302) -> 14 | T24: =AVERAGE('Biochem Summary'!O288:O302) -> 148.77605 | U24: =STDEV('Biochem Summary'!O288:O302) -> 32.647081 | V24: =COUNT('Biochem Summary'!O288:O302) -> 14 | W24: =AVERAGE('Biochem Summary'!R288:R302) -> 0.00093714201 | X24: =STDEV('Biochem Summary'!R288:R302) -> 0.00062659054 | Y24: =COUNT('Biochem Summary'!R288:R302) -> 13 | Z24: =AVERAGE('Biochem Summary'!U288:U302) -> 6.2890838 | AA24: =STDEV('Biochem Summary'!U288:U302) -> 1.8573301 | AB24: =COUNT('Biochem Summary'!U288:U302) -> 7
C25: 50%-1hr | D25: D1
D26: D7 | K26: =AVERAGE('Biochem Summary'!G303:G312) -> 1.9579832 | L26: =STDEV('Biochem Summary'!G303:G312) -> 0.28726365 | M26: =COUNT('Biochem Summary'!G303:G312) -> 8 | N26: =AVERAGE('Biochem Summary'!I303:I312) -> 88.044097 | O26: =STDEV('Biochem Summary'!I303:I312) -> 12.38387 | P26: =COUNT('Biochem Summary'!I303:I312) -> 10 | Q26: =AVERAGE('Biochem Summary'!L303:L312) -> 479.55317 | R26: =STDEV('Biochem Summary'!L303:L312) -> 48.127442 | S26: =COUNT('Biochem Summary'!L303:L312) -> 10 | T26: =AVERAGE('Biochem Summary'!O303:O312) -> 156.52777 | U26: =STDEV('Biochem Summary'!O303:O312) -> 10.024848 | V26: =COUNT('Biochem Summary'!O303:O312) -> 10 | W26: =AVERAGE('Biochem Summary'!R303:R312) -> 0.00048095661 | X26: =STDEV('Biochem Summary'!R303:R312) -> 5.2354922e-05 | Y26: =COUNT('Biochem Summary'!R303:R312) -> 10 | Z26: =AVERAGE('Biochem Summary'!U303:U312) -> 6.6312785 | AA26: =STDEV('Biochem Summary'!U303:U312) -> 1.9225769 | AB26: =COUNT('Biochem Summary'!U303:U312) -> 10
C27: AI | D27: D1 | E27: 31.741872 | F27: 2.6081265 | G27: 4 | H27: 31.741872 | I27: 5.0305824 | J27: 8 | K27: 1.3432099 | L27: 0.064178535 | M27: 6 | N27: 119.46441 | O27: 16.947486 | P27: 16 | Q27: 432.60945 | R27: 43.333092 | S27: 16 | T27: 221.22995 | U27: 21.56335 | V27: 16 | W27: 0.0013370898 | X27: 0.0003714387 | Y27: 5 | Z27: 2.3635957 | AA27: 0.48243173 | AB27: 5 | AC27: 0.0052279519 | AD27: 0.0013645067 | AE27: 5 | AF27: 2235.9556 | AG27: 444.15443 | AH27: 3 | AI27: 0.002793 | AJ27: 0.00013114496 | AK27: 3 | AL27: 4.4816067 | AM27: 0.4520661 | AN27: 3 | AO27: 1.8862592 | AP27: 0.03278204 | AQ27: 3 | AR27: 24.89939 | AS27: 5.4788361 | AT27: 3 | AU27: 0.92259259 | AV27: 0.0077843887 | AW27: 3 | AX27: 91.539259 | AY27: 2.0395565 | AZ27: 3 | BA27: 0.97796296 | BB27: 0.013521055 | BC27: 3 | BG27: 3.9072863 | BH27: 0.6082638 | BI27: 16
D28: D7 | E28: 21.113805 | F28: 17.0207 | G28: 4 | H28: 24.118286 | I28: 15.520242 | J28: 7 | K28: =AVERAGE('Biochem Summary'!G184:G208) -> 1.7552269 | L28: =STDEV('Biochem Summary'!G184:G208) -> 0.21339975 | M28: =COUNT('Biochem Summary'!G184:G208) -> 10 | N28: =AVERAGE('Biochem Summary'!I178:I208) -> 47.405189 | O28: =STDEV('Biochem Summary'!I184:I208) -> 19.397951 | P28: =COUNT('Biochem Summary'!I184:I208) -> 24 | Q28: =AVERAGE('Biochem Summary'!L184:L208) -> 455.24976 | R28: =STDEV('Biochem Summary'!L184:L207) -> 126.25868 | S28: =COUNT('Biochem Summary'!L184:L208) -> 23 | T28: =AVERAGE('Biochem Summary'!O184:O208) -> 181.33754 | U28: =STDEV('Biochem Summary'!O184:O208) -> 24.870569 | V28: =COUNT('Biochem Summary'!O184:O208) -> 20 | W28: =AVERAGE('Biochem Summary'!R184:R208) -> 0.0030210272 | X28: =STDEV('Biochem Summary'!R184:R208) -> 0.0024848992 | Y28: =COUNT('Biochem Summary'!R184:R208) -> 9 | Z28: =AVERAGE('Biochem Summary'!U184:U208) -> 6.3357126 | AA28: =STDEV('Biochem Summary'!U184:U208) -> 1.6824496 | AB28: =COUNT('Biochem Summary'!U184:U208) -> 9 | AC28: 0.069879072 | AD28: 0.043344033 | AE28: 5 | AF28: 2381.1833 | AG28: 222.87654 | AH28: 3 | AI28: 0.0031946667 | AJ28: 5.5193599e-05 | AK28: 3 | AL28: 5.1994943 | AM28: 0.2839712 | AN28: 3 | AO28: 1.8616869 | AP28: 0.049678334 | AQ28: 3 | AR28: 30.650114 | AS28: 5.7164216 | AT28: 3 | AU28: 0.932 | AV28: 0.0073105707 | AW28: 3 | AX28: 97.771296 | AY28: 4.9827751 | AZ28: 3 | BA28: 0.97614815 | BB28: 0.019811561 | BC28: 3 | BD28: 0.22776669 | BE28: 0.028755695 | BF28: 4 | BG28: 3.4282391 | BH28: 0.24681788 | BI28: 20 | BJ28: 24.626617 | BK28: 7.0516435 | BL28: 6 | BM28: 96.4336 | BN28: 59.236233 | BO28: 6 | BP28: 5.1546167 | BQ28: 2.343815 | BR28: 6 | BS28: 11.60475 | BT28: 6.0586917 | BU28: 6 | BV28: 0.1871 | BW28: 0.075430259 | BX28: 6
D29: D7-Unload | E29: =[1]Viability!S40 -> 34.89994 | F29: =[1]Viability!AA8 -> 6.2580261 | G29: =[1]Viability!AB8 -> 6 | H29: =[1]Viability!Z8 -> 35.634215 | I29: =STDEV([1]Viability!S29:S39) -> 11.5301 | J29: 10 | K29: =AVERAGE('Biochem Summary'!G209:G229) -> 2.1213533 | L29: =STDEV('Biochem Summary'!G209:G229) -> 0.35374176 | M29: =COUNT('Biochem Summary'!G209:G229) -> 10 | N29: =AVERAGE('Biochem Summary'!I209:I229) -> 52.109898 | O29: =STDEV('Biochem Summary'!I209:I229) -> 23.096319 | P29: =COUNT('Biochem Summary'!I209:I229) -> 18 | Q29: =AVERAGE('Biochem Summary'!L209:L229) -> 448.19522 | R29: =STDEV('Biochem Summary'!L209:L229) -> 120.74733 | S29: =COUNT('Biochem Summary'!L209:L229) -> 18 | T29: =AVERAGE('Biochem Summary'!O209:O229) -> 168.5234 | U29: =STDEV('Biochem Summary'!O209:O229) -> 21.342392 | V29: =COUNT('Biochem Summary'!O209:O229) -> 12 | W29: =AVERAGE('Biochem Summary'!R209:R229) -> 0.0022048238 | X29: =STDEV('Biochem Summary'!R209:R229) -> 0.0023563722 | Y29: =COUNT('Biochem Summary'!R209:R229) -> 8 | Z29: =AVERAGE('Biochem Summary'!U209:U229) -> 4.7402149 | AA29: =STDEV('Biochem Summary'!U209:U229) -> 4.1936699 | AB29: =COUNT('Biochem Summary'!U209:U229) -> 8 | AC29: =AVERAGE('[1]Biochem Summary'!X104:X119) -> 0.0014123155 | AD29: =STDEV('[1]Biochem Summary'!X104:X119) -> 0.0002408662 | AE29: =COUNT('[1]Biochem Summary'!X104:X119) -> 3
E34: 14 | F34: 13
E35: 9 | F35: 18
E36: 10
E37: =SUM(E34:F36) -> 64
H53: s

Sheet Biochem Summary
A1: Table of Contents | B1: Group | C1: Experiment | D1: Sample | E1: Wet weight | F1: Dry Weight | G1: Alamar Blue | H1: Picogreen | J1: DMMB | M1: OHP | P1: Proline Incorporation | S1: S35 Incorporation | V1: Thymidine Incorporation | Y1: Wet/Dry
H2: Raw | I2: Picogreen (DW) | J2: Raw | K2: DNA | L2: DW | M2: Raw (ug) | N2: DNA | O2: DW (ug/mg) | P2: Raw | Q2: DNA | R2: DW | S2: Raw | T2: DNA | U2: DW | V2: Raw | W2: DNA | X2: DW
B3: 4m D0 | C3: AI8 | D3: X1 | E3: 1.86 | F3: 0.475 | G3: 1.2653061 | H3: 71.265763 | I3: 150.03319 | J3: 252.6725 | K3: 3545.4963 | L3: 531.94211 | M3: 89.528755 | N3: 1256.266 | O3: 188.48159 | Y3: =E3/F3 -> 3.9157895
D4: X2 | E4: 1.88 | G4: 1.3265306
D5: X3 | E5: 1.7666667 | F5: 0.475 | G5: 1.3061224 | H5: 73.461063 | I5: 154.65487 | J5: 288.77 | K5: 3930.9259 | L5: 607.93684 | M5: 79.833319 | N5: 1086.7433 | O5: 168.07015 | Y5: =E5/F5 -> 3.7192982
D6: X4 | E6: 1.59 | F6: 0.445 | G6: 1.2380952 | H6: 106.39056 | I6: 239.07992 | J6: 262.2985 | K6: 2465.4301 | L6: 589.43483 | M6: 86.147926 | N6: 809.73277 | O6: 193.59084 | Y6: =E6/F6 -> 3.5730337
D7: X5 | E7: 2.5366667 | G7: 1.2108844
D8: X6 | E8: 1.41 | F8: 0.31 | G8: 1.3129252 | H8: 50.410413 | I8: 162.61424 | J8: 255.079 | K8: 5060.0458 | L8: 822.83548 | M8: 70.556994 | N8: 1399.6512 | O8: 227.60321 | Y8: =E8/F8 -> 4.5483871
C9: AI30 | D9: X1 | E9: 2.9733333 | F9: 0.58 | G9: 1.1153846 | H9: 52.829016 | I9: 91.084511 | J9: 301.2522 | K9: 5702.4003 | L9: 519.40034 | M9: 556.8424 | N9: 10540.465 | O9: 960.0731 | Y9: =E9/F9 -> 5.1264368
D10: X2 | E10: 2.19 | F10: 0.63 | G10: 1.1709402 | H10: 67.752536 | I10: 107.54371 | J10: 379.8258 | K10: 5606.075 | L10: 602.8981 | M10: 528.36879 | N10: 7798.5094 | O10: 838.68062 | Y10: =E10/F10 -> 3.4761905
B11: 4m 5% D1 | C11: DC9 | D11: X1 | E11: =Weights!I29 -> 2.69 | F11: =Weights!M29 -> 0.555 | G11: ='Alamar Blue (Analysis)'!F17 -> 1.4924242 | H11: =PicoGreen!U57 -> 63.872389 | I11: =H11/F11 -> 115.08539 | J11: =DMMB!U65 -> 288.6311 | K11: =J11/H11*1000 -> 4518.8712 | L11: =J11/F11 -> 520.05604 | M11: =OHP!V57 -> 124.55912 | N11: =M11/H11*1000 -> 1950.1246 | O11: =M11/F11 -> 224.43084 | P11: =Rx!S14 -> 0.0016937932 | Q11: =P11/H11 -> 2.6518394e-05 | R11: =P11/F11 -> 0.0030518796 | S11: =Rx!W14 -> 1.3293983 | T11: =S11/H11 -> 0.020813349 | U11: =S11/F11 -> 2.3953123 | Y11: =E11/F11 -> 4.8468468
D12: X2 | E12: =Weights!I30 -> 2.095 | F12: =Weights!M30 -> 0.565 | G12: ='Alamar Blue (Analysis)'!F18 -> 1.4015152 | H12: =PicoGreen!U58 -> 82.248989 | I12: =H12/F12 -> 145.57343 | J12: =DMMB!U66 -> 270.6703 | K12: =J12/H12*1000 -> 3290.8647 | L12: =J12/F12 -> 479.06248 | M12: =OHP!V58 -> 83.066739 | N12: =M12/H12*1000 -> 1009.9424 | O12: =M12/F12 -> 147.02078 | P12: =Rx!S15 -> 0.00094202745 | Q12: =P12/H12 -> 1.1453362e-05 | R12: =P12/F12 -> 0.0016673052 | S12: =Rx!W15 -> 0.73201046 | T12: =S12/H12 -> 0.0088999326 | U12: =S12/F12 -> 1.2955937 | Y12: =E12/F12 -> 3.7079646
D13: X3 | E13: =Weights!I31 -> 2.2766667 | F13: =Weights!M31 -> 0.555 | G13: ='Alamar Blue (Analysis)'!F19 -> 1.3484848 | H13: =PicoGreen!U59 -> 70.304199 | I13: =H13/F13 -> 126.67423 | J13: =DMMB!U67 -> 259.4448 | K13: =J13/H13*1000 -> 3690.3173 | L13: =J13/F13 -> 467.46811 | M13: =OHP!V59 -> 96.562014 | N13: =M13/H13*1000 -> 1373.4886 | O13: =M13/F13 -> 173.98561 | P13: =Rx!S16 -> 0.0011972566 | Q13: =P13/H13 -> 1.7029659e-05 | R13: =P13/F13 -> 0.002157219 | S13: =Rx!W16 -> 0.82877046 | T13: =S13/H13 -> 0.011788349 | U13: =S13/F13 -> 1.4932801 | Y13: =E13/F13 -> 4.1021021
D14: X4 | E14: =Weights!I32 -> 2.0366667 | F14: =Weights!M32 -> 0.48 | G14: ='Alamar Blue (Analysis)'!F20 -> 1.5606061 | H14: =PicoGreen!U60 -> 72.601274 | I14: =H14/F14 -> 151.25266 | J14: =DMMB!U68 -> 266.1801 | K14: =J14/H14*1000 -> 3666.3282 | L14: =J14/F14 -> 554.54187 | M14: =OHP!V60 -> 88.733263 | N14: =M14/H14*1000 -> 1222.1998 | O14: =M14/F14 -> 184.86097 | P14: =Rx!S17 -> 0.0016473879 | Q14: =P14/H14 -> 2.2690895e-05 | R14: =P14/F14 -> 0.0034320581 | S14: =Rx!W17 -> 1.4766418 | T14: =S14/H14 -> 0.020339062 | U14: =S14/F14 -> 3.0763371 | Y14: =E14/F14 -> 4.2430556
D15: X5 | E15: =Weights!I33 -> 1.85 | F15: =Weights!M33 -> 0.45 | G15: ='Alamar Blue (Analysis)'!F21 -> 1.5151515 | H15: =PicoGreen!U61 -> 52.387014 | I15: =H15/F15 -> 116.41559 | J15: =DMMB!U69 -> 241.484 | K15: =J15/H15*1000 -> 4609.6156 | L15: =J15/F15 -> 536.63111 | M15: =OHP!V61 -> 84.818888 | N15: =M15/H15*1000 -> 1619.0823 | O15: =M15/F15 -> 188.48642 | P15: =Rx!S18 -> 0.0014153614 | Q15: =P15/H15 -> 2.701741e-05 | R15: =P15/F15 -> 0.0031452476 | S15: =Rx!W18 -> 1.2873287 | T15: =S15/H15 -> 0.024573432 | U15: =S15/F15 -> 2.8607305 | Y15: =E15/F15 -> 4.1111111
D16: X6 | E16: =Weights!I34 -> 2.2433333 | F16: =Weights!M34 -> 0.51 | G16: ='Alamar Blue (Analysis)'!F22 -> 1.4090909 | H16: =PicoGreen!U62 -> 52.846429 | I16: =H16/F16 -> 103.62045 | J16: =DMMB!U70 -> 302.1017 | K16: =J16/H16*1000 -> 5716.5962 | L16: =J16/F16 -> 592.35627 | M16: =OHP!V62 -> 58.163857 | N16: =M16/H16*1000 -> 1100.6204 | O16: =M16/F16 -> 114.04678 | P16: =Rx!S19 -> 0.0015220936 | Q16: =P16/H16 -> 2.8802203e-05 | R16: =P16/F16 -> 0.0029844973 | S16: =Rx!W19 -> 1.7122314 | T16: =S16/H16 -> 0.032400133 | U16: =S16/F16 -> 3.3573164 | Y16: =E16/F16 -> 4.3986928
C17: DC12 | D17: X1 | E17: =Weights!I50 -> 1.82 | F17: =Weights!M50 -> 0.53 | G17: {='Alamar Blue (Analysis)'!F24:F28} -> 1.390625 | H17: =PicoGreen!AY46 -> 48.394309 | I17: =H17/F17 -> 91.310017 | J17: =DMMB!AY54 -> 298.1507 | K17: =J17/H17*1000 -> 6160.8628 | L17: =J17/F17 -> 562.54849 | M17: =OHP!AZ46 -> 168.23775 | N17: =M17/H17*1000 -> 3476.3953 | O17: =M17/F17 -> 317.42972 | P17: =Rx!AQ3 -> 2.1633022e-05 | Q17: =P17/H17 -> 4.4701582e-07 | R17: =P17/F17 -> 4.0817022e-05 | S17: =Rx!AU3 -> 0.83085261 | T17: =S17/H17 -> 0.017168395 | U17: =S17/F17 -> 1.5676464 | Y17: =E17/F17 -> 3.4339623
D18: X2 | E18: =Weights!I51 -> 2.6666667 | F18: =Weights!M51 -> 0.68 | G18: 1.15625 | H18: =PicoGreen!AY47 -> 91.076039 | I18: =H18/F18 -> 133.93535 | J18: =DMMB!AY55 -> 350.2687 | K18: =J18/H18*1000 -> 3845.893 | L18: =J18/F18 -> 515.10103 | P18: =Rx!AQ4 -> 1.0875617e-05 | Q18: =P18/H18 -> 1.194125e-07 | R18: =P18/F18 -> 1.5993555e-05 | S18: =Rx!AU4 -> 0.38301716 | T18: =S18/H18 -> 0.0042054657 | U18: =S18/F18 -> 0.56326053 | Y18: =E18/F18 -> 3.9215686
D19: X3 | E19: =Weights!I52 -> 1.9766667 | F19: =Weights!M52 -> 0.545 | G19: 1.1770833 | H19: =PicoGreen!AY48 -> 58.944849 | I19: =H19/F19 -> 108.15569 | J19: =DMMB!AY56 -> 253.8504 | K19: =J19/H19*1000 -> 4306.5748 | L19: =J19/F19 -> 465.78055 | M19: =OHP!AZ47 -> 161.92769 | N19: =M19/H19*1000 -> 2747.105 | O19: =M19/F19 -> 297.11502 | P19: =Rx!AQ5 -> 1.7850198e-05 | Q19: =P19/H19 -> 3.0282881e-07 | R19: =P19/F19 -> 3.2752657e-05 | S19: =Rx!AU5 -> 0.68353832 | T19: =S19/H19 -> 0.011596235 | U19: =S19/F19 -> 1.2541988 | Y19: =E19/F19 -> 3.6269113
D20: X4 | E20: =Weights!I53 -> 1.7133333 | F20: =Weights!M53 -> 0.505 | G20: 1.140625 | H20: =PicoGreen!AY49 -> 45.516889 | I20: =H20/F20 -> 90.132453 | J20: =DMMB!AY57 -> 219.9737 | K20: =J20/H20*1000 -> 4832.7929 | L20: =J20/F20 -> 435.59149 | M20: =OHP!AZ48 -> 155.03169 | N20: =M20/H20*1000 -> 3406.0256 | O20: =M20/F20 -> 306.99344 | P20: =Rx!AQ6 -> 1.7022706e-05 | Q20: =P20/H20 -> 3.7398658e-07 | R20: =P20/F20 -> 3.3708328e-05 | S20: =Rx!AU6 -> 0.63050518 | T20: =S20/H20 -> 0.013852115 | U20: =S20/F20 -> 1.2485251 | Y20: =E20/F20 -> 3.3927393
D21: X5 | E21: =Weights!I54 -> 1.66 | F21: =Weights!M54 -> 0.45 | G21: 1.0625 | H21: =PicoGreen!AY50 -> 57.985709 | I21: =H21/F21 -> 128.85713 | J21: =DMMB!AY58 -> 235.6091 | K21: =J21/H21*1000 -> 4063.227 | L21: =J21/F21 -> 523.57578 | M21: =OHP!AZ49 -> 46.814096 | N21: =M21/H21*1000 -> 807.33852 | O21: =M21/F21 -> 104.03133 | P21: =Rx!AQ7 -> 2.0569103e-05 | Q21: =P21/H21 -> 3.547271e-07 | R21: =P21/F21 -> 4.5709117e-05 | S21: =Rx!AU7 -> 0.71889375 | T21: =S21/H21 -> 0.012397775 | U21: =S21/F21 -> 1.5975417 | Y21: =E21/F21 -> 3.6888889
B22: 4m 15% D1 | C22: DC8 | D22: X1 | E22: =Weights!I23 -> 1.36 | F22: =Weights!M23 -> 0.395 | G22: ='Alamar Blue (Analysis)'!L17 -> 1.4417178 | H22: =PicoGreen!U51 -> 65.710049 | I22: =H22/F22 -> 166.35456 | J22: =DMMB!U59 -> 254.9546 | K22: =J22/H22*1000 -> 3879.994 | L22: =J22/F22 -> 645.45468 | M22: =OHP!V51 -> 90.85821 | N22: =M22/H22*1000 -> 1382.7141 | O22: =M22/F22 -> 230.02078 | P22: =Rx!S8 -> 0.0018275272 | Q22: =P22/H22 -> 2.7811989e-05 | R22: =P22/F22 -> 0.0046266511 | S22: =Rx!W8 -> 0.32033922 | T22: =S22/H22 -> 0.0048750415 | U22: =S22/F22 -> 0.81098536 | Y22: =E22/F22 -> 3.443038
D23: X2 | E23: =Weights!I24 -> 1.99 | F23: =Weights!M24 -> 0.47 | G23: ='Alamar Blue (Analysis)'!L18 -> 1.2944785 | H23: =PicoGreen!U52 -> 68.925954 | I23: =H23/F23 -> 146.65097 | J23: =DMMB!U60 -> 304.3468 | K23: =J23/H23*1000 -> 4415.5616 | L23: =J23/F23 -> 647.54638 | M23: =OHP!V52 -> 73.59768 | N23: =M23/H23*1000 -> 1067.7789 | O23: =M23/F23 -> 156.59081 | P23: =Rx!S9 -> 0.0012581469 | Q23: =P23/H23 -> 1.8253601e-05 | R23: =P23/F23 -> 0.0026769082 | S23: =Rx!W9 -> 1.3645619 | T23: =S23/H23 -> 0.019797504 | U23: =S23/F23 -> 2.9033231 | Y23: =E23/F23 -> 4.2340426
D24: X3 | E24: =Weights!I25 -> 1.6233333 | F24: =Weights!M25 -> 0.45 | G24: ='Alamar Blue (Analysis)'!L19 -> 1.3496933 | H24: =PicoGreen!U53 -> 76.276594 | I24: =H24/F24 -> 169.50354 | J24: =DMMB!U61 -> 272.9154 | K24: =J24/H24*1000 -> 3577.9704 | L24: =J24/F24 -> 606.47867 | M24: =OHP!V53 -> 70.838977 | N24: =M24/H24*1000 -> 928.71185 | O24: =M24/F24 -> 157.41995 | P24: =Rx!S10 -> 0.00053723789 | Q24: =P24/H24 -> 7.0432863e-06 | R24: =P24/F24 -> 0.001193862 | S24: =Rx!W10 -> 0.4867492 | T24: =S24/H24 -> 0.0063813704 | U24: =S24/F24 -> 1.0816649 | Y24: =E24/F24 -> 3.6074074
D25: X4 | E25: =Weights!I26 -> 1.815 | F25: =Weights!M26 -> 0.48 | G25: ='Alamar Blue (Analysis)'!L20 -> 1.7484663 | H25: =PicoGreen!U54 -> 60.197069 | I25: =H25/F25 -> 125.41056 | J25: =DMMB!U62 -> 279.6507 | K25: =J25/H25*1000 -> 4645.5866 | L25: =J25/F25 -> 582.60562 | M25: =OHP!V54 -> 109.57265 | N25: =M25/H25*1000 -> 1820.2323 | O25: =M25/F25 -> 228.27636 | P25: =Rx!S11 -> 0.0010836593 | Q25: =P25/H25 -> 1.8001862e-05 | R25: =P25/F25 -> 0.0022576236 | S25: =Rx!W11 -> 0.90277416 | T25: =S25/H25 -> 0.014996979 | U25: =S25/F25 -> 1.8807795 | Y25: =E25/F25 -> 3.78125
D26: X5 | E26: =Weights!I27 -> 1.4366667 | F26: =Weights!M27 -> 0.45 | G26: ='Alamar Blue (Analysis)'!L21 -> 1.3496933 | H26: =PicoGreen!U55 -> 48.252279 | I26: =H26/F26 -> 107.22729 | J26: =DMMB!U63 -> 268.4252 | K26: =J26/H26*1000 -> 5562.9538 | L26: =J26/F26 -> 596.50044 | M26: =OHP!V55 -> 75.648067 | N26: =M26/H26*1000 -> 1567.7615 | O26: =M26/F26 -> 168.10681 | P26: =Rx!S12 -> 0.0011846784 | Q26: =P26/H26 -> 2.4551761e-05 | R26: =P26/F26 -> 0.0026326187 | S26: =Rx!W12 -> 1.4602476 | T26: =S26/H26 -> 0.030262769 | U26: =S26/F26 -> 3.2449947 | Y26: =E26/F26 -> 3.1925926
D27: X6 | E27: =Weights!I28 -> 1.56 | F27: =Weights!M28 -> 0.51333333 | G27: ='Alamar Blue (Analysis)'!L22 -> 1.595092 | H27: =PicoGreen!U56 -> 40.442224 | I27: =H27/F27 -> 78.783554 | J27: =DMMB!U64 -> 299.8566 | K27: =J27/H27*1000 -> 7414.4438 | L27: =J27/F27 -> 584.13623 | M27: =OHP!V56 -> 90.671811 | N27: =M27/H27*1000 -> 2242.0085 | O27: =M27/F27 -> 176.6334 | P27: =Rx!S13 -> 0.00078978562 | Q27: =P27/H27 -> 1.9528738e-05 | R27: =P27/F27 -> 0.0015385434 | S27: =Rx!W13 -> 0.82788967 | T27: =S27/H27 -> 0.020470923 | U27: =S27/F27 -> 1.6127721 | Y27: =E27/F27 -> 3.038961
C28: DC15 | D28: X1 | E28: =Weights!I77 -> 2.3033333 | F28: =Weights!M77 -> 0.58 | H28: =PicoGreen!CC46 -> 24.449734 | I28: =H28/F28 -> 42.154714 | J28: =DMMB!CC54 -> 229.236 | K28: =J28/H28*1000 -> 9375.8075 | L28: =J28/F28 -> 395.23448 | M28: =OHP!BO46 -> 119.53683 | N28: =M28/H28*1000 -> 4889.085 | O28: =M28/F28 -> 206.09798 | P28: =Rx!BP3 -> 0.00017890055 | Q28: =P28/H28 -> 7.3170754e-06 | R28: =P28/F28 -> 0.00030844922 | S28: =Rx!BT3 -> 0.85139033 | T28: =S28/H28 -> 0.034822069 | U28: =S28/F28 -> 1.4679144
D29: X2 | E29: =Weights!I78 -> 2.1966667 | F29: =Weights!M78 -> 0.615 | H29: =PicoGreen!CC47 -> 48.197234 | I29: =H29/F29 -> 78.369486 | J29: =DMMB!CC55 -> 263.988 | K29: =J29/H29*1000 -> 5477.2438 | L29: =J29/F29 -> 429.24878 | M29: =OHP!BO47 -> 119.9772 | N29: =M29/H29*1000 -> 2489.2964 | O29: =M29/F29 -> 195.08488 | P29: =Rx!BP4 -> 0.00034950769 | Q29: =P29/H29 -> 7.2516131e-06 | R29: =P29/F29 -> 0.00056830519 | S29: =Rx!BT4 -> 1.1957026 | T29: =S29/H29 -> 0.024808531 | U29: =S29/F29 -> 1.9442319
D30: X3 | E30: =Weights!I79 -> 2.28 | H30: =PicoGreen!CC48 -> 35.373584 | J30: =DMMB!CC56 -> 237.924 | K30: =J30/H30*1000 -> 6726.036 | M30: =OHP!BO48 -> 132.84591 | N30: =M30/H30*1000 -> 3755.5117 | P30: =Rx!BP5 -> 0.00043718081 | Q30: =P30/H30 -> 1.2358963e-05 | S30: =Rx!BT5 -> 1.5212342 | T30: =S30/H30 -> 0.043004808
D31: X4 | E31: =Weights!I80 -> 2.085 | F31: =Weights!M80 -> 0.59 | H31: =PicoGreen!CC49 -> 29.199234 | I31: =H31/F31 -> 49.490227 | J31: =DMMB!CC57 -> 231.408 | K31: =J31/H31*1000 -> 7925.1394 | L31: =J31/F31 -> 392.21695 | M31: =OHP!BO49 -> 125.53081 | N31: =M31/H31*1000 -> 4299.113 | O31: =M31/F31 -> 212.76408 | P31: =Rx!BP6 -> 0.0004123006 | Q31: =P31/H31 -> 1.4120254e-05 | R31: =P31/F31 -> 0.00069881458 | S31: =Rx!BT6 -> 1.7278216 | T31: =S31/H31 -> 0.059173523 | U31: =S31/F31 -> 2.9285111
D32: X5 | E32: =Weights!I81 -> 2.03 | F32: =Weights!M81 -> 0.59 | H32: =PicoGreen!CC50 -> 36.323484 | I32: =H32/F32 -> 61.565227 | J32: =DMMB!CC58 -> 240.096 | K32: =J32/H32*1000 -> 6609.9386 | L32: =J32/F32 -> 406.94237 | M32: =OHP!BO50 -> 116.64993 | N32: =M32/H32*1000 -> 3211.4191 | O32: =M32/F32 -> 197.71175 | P32: =Rx!BP7 -> 0.00029145387 | Q32: =P32/H32 -> 8.0238414e-06 | R32: =P32/F32 -> 0.00049398962 | S32: =Rx!BT7 -> 0.90773234 | T32: =S32/H32 -> 0.024990233 | U32: =S32/F32 -> 1.5385294
B33: 4m D1 | C33: AI11 | D33: X1 | E33: 1.6766667 | F33: 0.525 | G33: 1.1481481 | H33: 105.74344 | I33: 201.41607 | J33: 323.181 | K33: 3056.2748 | L33: 615.58286 | M33: 137.4662 | N33: 1299.9975 | O33: 261.84039
D34: X2 | E34: 1.6866667 | F34: 0.48333333 | G34: 0.99074074 | H34: 94.925286 | I34: 196.39714 | J34: 319.039 | K34: 3360.9485 | L34: 660.08069 | M34: 102.10675 | N34: 1075.6538 | O34: 211.25533
D35: X3 | E35: 1.4966667 | F35: 0.51 | G35: 1.5092593 | H35: 78.440486 | I35: 153.80487 | J35: 273.477 | K35: 3486.4267 | L35: 536.22941 | M35: 112.95993 | N35: 1440.0718 | O35: 221.49007
D36: X4 | E36: 1.4533333 | F36: 0.51 | G36: 0.77777778 | H36: 86.682886 | I36: 169.96644 | J36: 287.974 | K36: 3322.1552 | L36: 564.6549 | M36: 106.75399 | N36: 1231.5463 | O36: 209.32155
D37: X5 | E37: 1.1733333 | F37: 0.475 | G37: 1.5 | H37: 93.379836 | I37: 196.58913 | J37: 312.826 | K37: 3350.038 | L37: 658.58105 | M37: 99.624367 | N37: 1066.8724 | O37: 209.73551
D38: X6 | E38: 1.6333333 | F38: 0.515 | G38: 1.4444444 | H38: 89.258636 | I38: 173.31774 | J38: 304.542 | K38: 3411.9052 | L38: 591.34369 | M38: 107.96631 | N38: 1209.5895 | O38: 209.64332
C39: AI21 | D39: PX1 | E39: 2.32 | F39: 0.59 | H39: 96.470736 | I39: 163.50972 | J39: 300.4 | K39: 3113.8977 | L39: 509.15254 | M39: 132.37391 | N39: 1372.1664 | O39: 224.36255 | P39: 0.0056085146 | Q39: 5.8136953e-05 | R39: 0.009505957 | S39: 2.828042 | T39: 0.029315024 | U39: 4.7932915
D40: PX2 | E40: 2.6666667 | F40: 0.60333333 | H40: 83.076836 | I40: 137.69641 | J40: 271.406 | K40: 3266.9275 | L40: 449.8442 | M40: 128.31515 | N40: 1544.5358 | O40: 212.67704 | P40: 0.0029268478 | Q40: 3.5230612e-05 | R40: 0.004851129 | S40: 1.2849744 | T40: 0.015467301 | U40: 2.1297918
D41: PX3 | E41: 2.535 | F41: 0.61666667 | H41: 110.89494 | I41: 179.82963 | J41: 319.039 | K41: 2876.9483 | L41: 517.36054 | M41: 135.21504 | N41: 1219.3076 | O41: 219.26763 | P41: 0.0055165718 | Q41: 4.9745931e-05 | R41: 0.0089457921 | S41: 2.1800634 | T41: 0.019658819 | U41: 3.535238
D42: PX4 | E42: 2.01 | F42: 0.53 | H42: 75.349586 | I42: 142.16903 | J42: 263.122 | K42: 3492.0165 | L42: 496.4566 | M42: 112.35069 | N42: 1491.0592 | O42: 211.98243 | P42: 0.0042600193 | Q42: 5.6536732e-05 | R42: 0.0080377723 | S42: 1.9000049 | T42: 0.025215864 | U42: 3.5849149
D43: PX5 | E43: 2.2533333 | F43: 0.56 | H43: 99.046486 | I43: 176.86872 | J43: 271.406 | K43: 2740.1881 | L43: 484.65357 | M43: 119.11529 | N43: 1202.6201 | O43: 212.70587 | P43: 0.0059303147 | Q43: 5.9874054e-05 | R43: 0.010589848 | S43: 1.7242819 | T43: 0.017408815 | U43: 3.0790748
D44: TX1 | E44: 2.43 | F44: 0.59333333 | H44: 84.107136 | I44: 141.7536 | J44: 279.69 | K44: 3325.4016 | L44: 471.38764 | M44: 116.61239 | N44: 1386.4744 | O44: 196.53773 | V44: 0.0029658832 | W44: 3.5263158e-05 | X44: 0.0049986796
D45: TX2 | E45: 2.375 | F45: 0.55333333 | H45: 105.74344 | I45: 191.10259 | J45: 316.968 | K45: 2997.5194 | L45: 572.83373 | M45: 130.54746 | N45: 1234.568 | O45: 235.92915 | V45: 0.0040718058 | W45: 3.8506464e-05 | X45: 0.0073586852
D46: TX3 | E46: 2.155 | F46: 0.56333333 | H46: 85.137436 | I46: 151.13154 | J46: 277.619 | K46: 3260.8335 | L46: 492.81479 | M46: 123.1064 | N46: 1445.9727 | O46: 218.53208 | V46: 0.004122075 | W46: 4.8416715e-05 | X46: 0.0073172929
D47: TX4 | E47: 1.97 | F47: 0.54 | H47: 84.107136 | I47: 155.75396 | J47: 269.335 | K47: 3202.2848 | L47: 498.76852 | M47: 116.00357 | N47: 1379.2358 | O47: 214.82143 | V47: 0.0068868814 | W47: 8.1882249e-05 | X47: 0.012753484
B48: 4m 5% D7 | C48: DC3 | D48: X1 | E48: =Weights!I4 -> 1.765 | F48: =Weights!M4 -> 0.495 | G48: ='Alamar Blue (Analysis)'!F4 -> 1.5728643 | H48: =PicoGreen!F47 -> 29.915383 | I48: =H48/F48 -> 60.435117 | J48: =DMMB!F55 -> 235.2315 | K48: =J48/H48*1000 -> 7863.2288 | L48: =J48/F48 -> 475.21515 | M48: =OHP!G47 -> 66.199487 | N48: =M48/H48*1000 -> 2212.8912 | O48: =M48/F48 -> 133.73634 | P48: =Rx!G4 -> 0.00045611539 | Q48: =P48/H48 -> 1.5246851e-05 | R48: =P48/F48 -> 0.00092144523 | S48: =Rx!K4 -> 0.61770576 | T48: =S48/H48 -> 0.020648432 | U48: =S48/F48 -> 1.2478904 | Y48: =E48/F48 -> 3.5656566
D49: X2 | E49: =Weights!I5 -> 1.8933333 | F49: =Weights!M5 -> 0.525 | G49: ='Alamar Blue (Analysis)'!F5 -> 1.2964824 | H49: =PicoGreen!F48 -> 28.916998 | I49: =H49/F49 -> 55.079996 | J49: =DMMB!F56 -> 217.2774 | K49: =J49/H49*1000 -> 7513.8298 | L49: =J49/F49 -> 413.86171 | M49: =OHP!G48 -> 66.199487 | N49: =M49/H49*1000 -> 2289.2932 | O49: =M49/F49 -> 126.09426 | P49: =Rx!G5 -> 0.00043822851 | Q49: =P49/H49 -> 1.5154703e-05 | R49: =P49/F49 -> 0.00083472097 | S49: =Rx!K5 -> 0.50944805 | T49: =S49/H49 -> 0.017617598 | U49: =S49/F49 -> 0.97037724 | Y49: =E49/F49 -> 3.6063492
D50: X3 | E50: =Weights!I6 -> 1.88 | F50: =Weights!M6 -> 0.47 | G50: ='Alamar Blue (Analysis)'!F6 -> 1.3668342 | H50: =PicoGreen!F49 -> 24.257868 | I50: =H50/F50 -> 51.612485 | J50: =DMMB!F57 -> 197.3284 | K50: =J50/H50*1000 -> 8134.6143 | L50: =J50/F50 -> 419.84766 | M50: =OHP!G49 -> 67.591883 | N50: =M50/H50*1000 -> 2786.3901 | O50: =M50/F50 -> 143.81252 | P50: =Rx!G6 -> 0.00072292799 | Q50: =P50/H50 -> 2.9801794e-05 | R50: =P50/F50 -> 0.0015381446 | S50: =Rx!K6 -> 0.66865057 | T50: =S50/H50 -> 0.027564276 | U50: =S50/F50 -> 1.4226608 | Y50: =E50/F50 -> 4
D51: X4 | E51: =Weights!I7 -> 2.15 | F51: =Weights!M7 -> 0.56666667 | G51: ='Alamar Blue (Analysis)'!F7 -> 1.3768844 | H51: =PicoGreen!F50 -> 10.280478 | I51: =H51/F51 -> 18.14202 | J51: =DMMB!F58 -> 265.155 | K51: =J51/H51*1000 -> 25792.089 | L51: =J51/F51 -> 467.92059 | M51: =OHP!G50 -> 76.905466 | N51: =M51/H51*1000 -> 7480.7287 | O51: =M51/F51 -> 135.71553 | P51: =Rx!G7 -> 0.00076019231 | Q51: =P51/H51 -> 7.3945231e-05 | R51: =P51/F51 -> 0.0013415158 | S51: =Rx!K7 -> 0.71322727 | T51: =S51/H51 -> 0.069376859 | U51: =S51/F51 -> 1.2586364 | Y51: =E51/F51 -> 3.7941176
D52: X5 | E52: =Weights!I8 -> 1.75 | F52: =Weights!M8 -> 0.46666667 | G52: ='Alamar Blue (Analysis)'!F8 -> 1.4321608 | H52: =PicoGreen!F51 -> 17.269173 | I52: =H52/F52 -> 37.005371 | J52: =DMMB!F59 -> 231.2417 | K52: =J52/H52*1000 -> 13390.433 | L52: =J52/F52 -> 495.51793 | M52: =OHP!G51 -> 59.546928 | N52: =M52/H52*1000 -> 3448.1632 | O52: =M52/F52 -> 127.60056 | P52: =Rx!G8 -> 0.00040245475 | Q52: =P52/H52 -> 2.3304808e-05 | R52: =P52/F52 -> 0.00086240305 | S52: =Rx!K8 -> 0.30566883 | T52: =S52/H52 -> 0.017700259 | U52: =S52/F52 -> 0.65500464 | Y52: =E52/F52 -> 3.75
C53: DC12 | D53: X6
D54: X7
D55: X8 | G55: ='Alamar Blue (Analysis)'!F12 -> 1.4516129
D56: X9 | E56: =Weights!I55 -> 1.8133333 | F56: =Weights!M55 -> 0.475 | G56: ='Alamar Blue (Analysis)'!F13 -> 1.6827957 | H56: =PicoGreen!AY51 -> 22.017959 | I56: =H56/F56 -> 46.353598 | J56: =DMMB!AY59 -> 201.7324 | K56: =J56/H56*1000 -> 9162.1753 | L56: =J56/F56 -> 424.69979 | M56: =OHP!AZ50 -> 167.11095 | N56: =M56/H56*1000 -> 7589.7568 | O56: =M56/F56 -> 351.81253 | P56: =Rx!AQ8 -> 2.0196417e-05 | Q56: =P56/H56 -> 9.1727018e-07 | R56: =P56/F56 -> 4.2518773e-05 | S56: =Rx!AU8 -> 1.1030199 | T56: =S56/H56 -> 0.050096371 | U56: =S56/F56 -> 2.3221471 | Y56: =E56/F56 -> 3.8175439
D57: X10 | E57: =Weights!I56 -> 2.04 | F57: =Weights!M56 -> 0.56 | G57: ='Alamar Blue (Analysis)'!F14 -> 1.3548387 | H57: =PicoGreen!AY52 -> 18.660969 | I57: =H57/F57 -> 33.323159 | J57: =DMMB!AY60 -> 147.0085 | K57: =J57/H57*1000 -> 7877.8599 | L57: =J57/F57 -> 262.51518 | M57: =OHP!AZ51 -> 185.77071 | N57: =M57/H57*1000 -> 9955.0411 | O57: =M57/F57 -> 331.73342 | P57: =Rx!AQ9 -> 1.2490957e-05 | Q57: =P57/H57 -> 6.6936271e-07 | R57: =P57/F57 -> 2.230528e-05 | S57: =Rx!AU9 -> 0.58159229 | T57: =S57/H57 -> 0.031166243 | U57: =S57/F57 -> 1.0385577 | Y57: =E57/F57 -> 3.6428571
B58: 4m 15% D7 | C58: DC7 | D58: X1 | E58: =Weights!I18 -> 1.91 | F58: =Weights!M18 -> 0.555 | G58: ='Alamar Blue (Analysis)'!L4 -> 3.1557789 | H58: =PicoGreen!U46 -> 20.227964 | I58: =H58/F58 -> 36.446783 | J58: =DMMB!U54 -> 205.5624 | K58: =J58/H58*1000 -> 10162.288 | L58: =J58/F58 -> 370.3827 | M58: =OHP!V46 -> 120.86842 | N58: =M58/H58*1000 -> 5975.313 | O58: =M58/F58 -> 217.78094 | P58: =Rx!S3 -> 0.00087793229 | Q58: =P58/H58 -> 4.340191e-05 | R58: =P58/F58 -> 0.00158186 | S58: =Rx!W3 -> 0.35914806 | T58: =S58/H58 -> 0.017755027 | U58: =S58/F58 -> 0.64711362 | Y58: =E58/F58 -> 3.4414414
D59: X2 | E59: =Weights!I19 -> 1.9933333 | F59: =Weights!M19 -> 0.515 | G59: ='Alamar Blue (Analysis)'!L5 -> 3.1457286 | H59: =PicoGreen!U47 -> 12.877324 | I59: =H59/F59 -> 25.004513 | J59: =DMMB!U55 -> 317.8174 | K59: =J59/H59*1000 -> 24680.391 | L59: =J59/F59 -> 617.12117 | M59: =OHP!V47 -> 104.91268 | N59: =M59/H59*1000 -> 8147.0869 | O59: =M59/F59 -> 203.71394 | P59: =Rx!S4 -> 7.203547e-05 | Q59: =P59/H59 -> 5.593978e-06 | R59: =P59/F59 -> 0.0001398747 | S59: =Rx!W4 -> 0.018576624 | T59: =S59/H59 -> 0.0014425841 | U59: =S59/F59 -> 0.036071114 | Y59: =E59/F59 -> 3.8705502
D60: X3 | E60: =Weights!I20 -> 1.8266667 | F60: =Weights!M20 -> 0.48 | G60: ='Alamar Blue (Analysis)'!L6 -> 2.0351759 | H60: =PicoGreen!U48 -> 22.065624 | I60: =H60/F60 -> 45.970051 | J60: =DMMB!U56 -> 284.1409 | K60: =J60/H60*1000 -> 12877.084 | L60: =J60/F60 -> 591.96021 | M60: =OHP!V48 -> 113.56159 | N60: =M60/H60*1000 -> 5146.5385 | O60: =M60/F60 -> 236.58664 | P60: =Rx!S5 -> 0.0014542161 | Q60: =P60/H60 -> 6.5904142e-05 | R60: =P60/F60 -> 0.0030296168 | S60: =Rx!W5 -> 0.57587534 | T60: =S60/H60 -> 0.026098302 | U60: =S60/F60 -> 1.1997403 | Y60: =E60/F60 -> 3.8055556
D61: X4 | E61: =Weights!I21 -> 1.83 | F61: =Weights!M21 -> 0.545 | G61: ='Alamar Blue (Analysis)'!L7 -> 2.7386935 | H61: =PicoGreen!U49 -> 22.065624 | I61: =H61/F61 -> 40.487384 | J61: =DMMB!U57 -> 223.5232 | K61: =J61/H61*1000 -> 10129.929 | L61: =J61/F61 -> 410.13431 | M61: =OHP!V49 -> 86.272799 | N61: =M61/H61*1000 -> 3909.8281 | O61: =M61/F61 -> 158.29871 | P61: =Rx!S6 -> 0.0046958122 | Q61: =P61/H61 -> 0.00021281121 | R61: =P61/F61 -> 0.0086161692 | S61: =Rx!W6 -> 1.0650598 | T61: =S61/H61 -> 0.048267828 | U61: =S61/F61 -> 1.9542381 | Y61: =E61/F61 -> 3.3577982
D62: X5 | E62: =Weights!I22 -> 2.2866667 | F62: =Weights!M22 -> 0.465 | G62: ='Alamar Blue (Analysis)'!L8 -> 2.8442211 | H62: =PicoGreen!U50 -> 14.714984 | I62: =H62/F62 -> 31.645128 | J62: =DMMB!U58 -> 306.5919 | K62: =J62/H62*1000 -> 20835.353 | L62: =J62/F62 -> 659.33742 | M62: =OHP!V50 -> 61.593596 | N62: =M62/H62*1000 -> 4185.7738 | O62: =M62/F62 -> 132.45935 | P62: =Rx!S7 -> 0.00094996776 | Q62: =P62/H62 -> 6.455785e-05 | R62: =P62/F62 -> 0.0020429414 | S62: =Rx!W7 -> 0.40249351 | T62: =S62/H62 -> 0.027352629 | U62: =S62/F62 -> 0.86557745 | Y62: =E62/F62 -> 4.9175627
C63: DC15 | D63: X6 | E63: =Weights!I82 -> 2.05 | F63: =Weights!M82 -> 0.585
D64: X7 | E64: =Weights!I83 -> 2.18 | F64: =Weights!M83 -> 0.605
D65: X8 | E65: =Weights!I84 -> 1.755 | F65: =Weights!M84 -> 0.53
D66: X9 | E66: =Weights!I85 -> 1.6666667 | F66: =Weights!M85 -> 0.56
D67: X10 | E67: =Weights!I86 -> 2.1733333 | F67: =Weights!M86 -> 0.64
C68: DC20 | D68: X1 | E68: =Weights!I127 -> 1.5533333 | F68: =Weights!M127 -> 0.49333333 | G68: ='Alamar Blue (Analysis)'!L25 -> 2.6137931 | J68: =DMMB!DG69 -> 177.0599 | L68: =J68/F68 -> 358.9052 | M68: =OHP!CS51 -> 89.394386 | O68: =M68/F68 -> 181.20484 | P68: =Rx!CN18 -> 0.00015901611 | R68: =P68/F68 -> 0.00032232996 | S68: =Rx!CR18 -> 0.16609086 | U68: =S68/F68 -> 0.33667066
D69: X2 | E69: =Weights!I128 -> 1.74 | F69: =Weights!M128 -> 0.575 | G69: ='Alamar Blue (Analysis)'!L26 -> 2.6068966 | J69: =DMMB!DG70 -> 195.8978 | L69: =J69/F69 -> 340.69183 | M69: =OHP!CS52 -> 108.155 | O69: =M69/F69 -> 188.09566 | P69: =Rx!CN19 -> 0.00039679722 | R69: =P69/F69 -> 0.00069008212 | S69: =Rx!CR19 -> 0.21138836 | U69: =S69/F69 -> 0.36763194
D70: X3 | E70: =Weights!I129 -> 1.83 | F70: =Weights!M129 -> 0.67 | G70: ='Alamar Blue (Analysis)'!L27 -> 2.5586207 | J70: =DMMB!DG71 -> 154.0358 | L70: =J70/F70 -> 229.90418 | M70: =OHP!CS53 -> 111.56872 | O70: =M70/F70 -> 166.52048 | P70: =Rx!CN20 -> 0.00021400299 | R70: =P70/F70 -> 0.00031940746 | S70: =Rx!CR20 -> 0.23655364 | U70: =S70/F70 -> 0.35306514
D71: X4 | E71: =Weights!I130 -> 1.98 | F71: =Weights!M130 -> 0.615 | G71: ='Alamar Blue (Analysis)'!L28 -> 2.3931034 | J71: =DMMB!DG72 -> 118.4531 | L71: =J71/F71 -> 192.60667 | M71: =OHP!CS54 -> 124.89707 | O71: =M71/F71 -> 203.08467 | P71: =Rx!CN21 -> 0.00076684407 | R71: =P71/F71 -> 0.0012469009 | S71: =Rx!CR21 -> 0.36238005 | U71: =S71/F71 -> 0.58923586
D72: X5
C73: DC24 | D73: X1 | E73: =Weights!I157 -> 1.88 | F73: =Weights!M157 -> 0.55666667 | G73: ='Alamar Blue (Analysis)'!L31 -> 1.4571429 | H73: =PicoGreen!EK46 -> 29.77903 | I73: =H73/F73 -> 53.495264 | J73: =DMMB!EK54 -> 192.778 | K73: =J73/H73*1000 -> 6473.6157 | L73: =J73/F73 -> 346.30778 | M73: =OHP!DW46 -> 91.946503 | O73: =M73/F73 -> 165.17336 | P73: =Rx!DL3 -> 0.00036502002 | Q73: =P73/H73 -> 1.2257619e-05 | R73: =P73/F73 -> 0.00065572459 | S73: =Rx!DP3 -> 2.5352625 | T73: =S73/H73 -> 0.085135829 | U73: =S73/F73 -> 4.5543637
D74: X2 | E74: =Weights!I158 -> 1.78 | F74: =Weights!M158 -> 0.595 | G74: ='Alamar Blue (Analysis)'!L32 -> 1.8190476 | H74: =PicoGreen!EK47 -> 31.764955 | I74: =H74/F74 -> 53.38648 | J74: =DMMB!EK55 -> 185.9911 | K74: =J74/H74*1000 -> 5855.2294 | L74: =J74/F74 -> 312.59008 | M74: =OHP!DW47 -> 85.035136 | O74: =M74/F74 -> 142.9162 | P74: =Rx!DL4 -> 0.00034317023 | Q74: =P74/H74 -> 1.0803422e-05 | R74: =P74/F74 -> 0.00057675669 | S74: =Rx!DP4 -> 5.0581879 | T74: =S74/H74 -> 0.159238 | U74: =S74/F74 -> 8.5011561
D75: X3 | E75: =Weights!I159 -> 1.56 | F75: =Weights!M159 -> 0.525 | G75: ='Alamar Blue (Analysis)'!L33 -> 1.9714286 | H75: =PicoGreen!EK48 -> 31.36777 | I75: =H75/F75 -> 59.748134 | J75: =DMMB!EK56 -> 199.5649 | K75: =J75/H75*1000 -> 6362.1002 | L75: =J75/F75 -> 380.12362 | M75: =OHP!DW48 -> 77.250559 | O75: =M75/F75 -> 147.14392 | P75: =Rx!DL5 -> 0.00045884559 | Q75: =P75/H75 -> 1.4627931e-05 | R75: =P75/F75 -> 0.0008739916 | S75: =Rx!DP5 -> 4.4721783 | T75: =S75/H75 -> 0.1425724 | U75: =S75/F75 -> 8.5184349
D76: X4 | E76: =Weights!I160 -> 1.645 | F76: =Weights!M160 -> 0.56 | H76: =PicoGreen!EK49 -> 36.531175 | I76: =H76/F76 -> 65.234242 | J76: =DMMB!EK57 -> 219.9256 | K76: =J76/H76*1000 -> 6020.2169 | L76: =J76/F76 -> 392.72429 | M76: =OHP!DW49 -> 88.323609 | O76: =M76/F76 -> 157.72073 | P76: =Rx!DL6 -> 0.0005706651 | Q76: =P76/H76 -> 1.5621318e-05 | R76: =P76/F76 -> 0.0010190448 | S76: =Rx!DP6 -> 2.1713197 | T76: =S76/H76 -> 0.059437443 | U76: =S76/F76 -> 3.8773566
D77: X5 | E77: =Weights!I161 -> 1.88 | F77: =Weights!M161 -> 0.64666667 | H77: =PicoGreen!EK50 -> 43.680505 | I77: =H77/F77 -> 67.547173 | J77: =DMMB!EK58 -> 224.4502 | K77: =J77/H77*1000 -> 5138.4524 | L77: =J77/F77 -> 347.08794 | M77: =OHP!DW50 -> 101.70045 | O77: =M77/F77 -> 157.26873 | P77: =Rx!DL7 -> 0.00069148159 | Q77: =P77/H77 -> 1.5830439e-05 | R77: =P77/F77 -> 0.0010693014 | S77: =Rx!DP7 -> 4.9101434 | T77: =S77/H77 -> 0.11241041 | U77: =S77/F77 -> 7.5930052
B78: 4m D7 AI | C78: AI16 | D78: X1 | E78: 1.985 | F78: 0.57 | G78: 1.9407407 | H78: 61.440536 | I78: 107.79041 | J78: 271.406 | K78: 4417.3768 | L78: 476.15088 | M78: 105.57053 | N78: 1718.2553 | O78: 185.21145 | P78: 0.00080662139 | Q78: 1.3128489e-05 | R78: 0.0014151252 | S78: 4.3258401 | T78: 0.070406941 | U78: 7.5891932 | Y78: =E78/F78 -> 3.4824561
D79: X2 | E79: 1.72 | F79: 0.53 | G79: 1.6592593 | H79: 42.379986 | I79: 79.962237 | J79: 265.193 | K79: 6257.5056 | L79: 500.36415 | M79: 104.09842 | N79: 2456.3109 | O79: 196.41211 | P79: 0.00055581013 | Q79: 1.311492e-05 | R79: 0.0010486984 | S79: 2.3402086 | T79: 0.055219665 | U79: 4.4154879 | Y79: =E79/F79 -> 3.245283
D80: X3 | E80: 1.9566667 | F80: 0.545 | G80: 1.7555556 | H80: 43.410286 | I80: 79.6519 | J80: 269.335 | K80: 6204.4051 | L80: 494.19266 | M80: 109.2941 | N80: 2517.7005 | O80: 200.53963 | P80: 0.00051710469 | Q80: 1.1912032e-05 | R80: 0.00094881595 | S80: 2.5787423 | T80: 0.059403946 | U80: 4.7316372 | Y80: =E80/F80 -> 3.5902141
D81: X4 | E81: 1.945 | F81: 0.56 | G81: 1.8888889 | H81: 43.925436 | I81: 78.438278 | J81: 234.128 | K81: 5330.1236 | L81: 418.08571 | M81: 111.60328 | N81: 2540.7439 | O81: 199.29158 | P81: 0.00044124203 | Q81: 1.0045251e-05 | R81: 0.00078793219 | S81: 3.1009376 | T81: 0.070595488 | U81: 5.5373885 | Y81: =E81/F81 -> 3.4732143
D82: X5 | E82: 2.125 | F82: 0.535 | G82: 2.3851852 | H82: 78.955636 | I82: 147.58063 | J82: 308.684 | K82: 3909.5879 | L82: 576.97944 | M82: 102.53972 | N82: 1298.7004 | O82: 191.66302 | P82: 0.0011487775 | Q82: 1.4549658e-05 | R82: 0.0021472476 | S82: 5.2026125 | T82: 0.065892858 | U82: 9.7245094 | Y82: =E82/F82 -> 3.9719626
D83: X6 | E83: 2.315 | F83: 0.575 | G83: 1.9259259 | H83: 44.440586 | I83: 77.287975 | J83: 271.406 | K83: 6107.1652 | L83: 472.01043 | M83: 105.77258 | N83: 2380.0898 | O83: 183.95232 | P83: 0.00052174934 | Q83: 1.174038e-05 | R83: 0.00090739016 | S83: 3.3201307 | T83: 0.074709426 | U83: 5.7741403 | Y83: =E83/F83 -> 4.026087
C84: AI23 | D84: TX1 | E84: 1.85 | F84: 0.53 | H84: 42.37179 | I84: 79.946774 | J84: 297.4078 | K84: 7019.0049 | L84: 561.14679 | M84: 117.21832 | N84: 2766.4236 | O84: 221.16664 | V84: 0.05941776 | W84: 0.0014022953 | X84: 0.11210898 | Y84: =E84/F84 -> 3.490566
D85: TX2 | E85: 1.8766667 | F85: 0.55 | H85: 46.10267 | I85: 83.823036 | J85: 187.2332 | K85: 4061.2225 | L85: 340.424 | M85: 90.420279 | N85: 1961.2808 | O85: 164.40051 | V85: 0.039225006 | W85: 0.00085081853 | X85: 0.071318192 | Y85: =E85/F85 -> 3.4121212
D86: TX3 | E86: 1.84 | F86: 0.495 | H86: 49.36719 | I86: 99.731697 | J86: 208.7891 | K86: 4229.309 | L86: 421.79616 | M86: 96.910655 | N86: 1963.0579 | O86: 195.7791 | V86: 0.036265723 | W86: 0.00073461185 | X86: 0.073264086 | Y86: =E86/F86 -> 3.7171717
D87: TX4 | E87: 2.09 | F87: 0.565 | H87: 40.97271 | I87: 72.518071 | J87: 239.9254 | K87: 5855.7367 | L87: 424.64673 | M87: 109.89141 | N87: 2682.0634 | O87: 194.49806 | V87: 0.05390537 | W87: 0.0013156408 | X87: 0.095407735 | Y87: =E87/F87 -> 3.699115
D88: TX5 | E88: 1.8433333 | F88: 0.54 | H88: 42.37179 | I88: 78.466278 | J88: 263.8764 | K88: 6227.6434 | L88: 488.66 | M88: 96.79527 | N88: 2284.4272 | O88: 179.2505 | V88: 0.071835144 | W88: 0.0016953531 | X88: 0.13302804 | Y88: =E88/F88 -> 3.4135802
C89: AI30 | D89: PX1 | E89: 2.3666667 | F89: 0.59 | H89: 19.058941 | I89: 32.30329 | J89: 275.061 | K89: 14432.124 | L89: 466.20508 | M89: 76.276008 | N89: 4002.1115 | O89: 129.28137 | P89: 0.0038134984 | Q89: 0.00020008973 | R89: 0.0064635566 | S89: 4.8196797 | T89: 0.25288287 | U89: 8.1689487 | Y89: =E89/F89 -> 4.0112994
D90: PX2 | E90: 1.9333333 | F90: 0.48 | H90: 30.086821 | I90: 62.680877 | J90: 318.713 | K90: 10593.11 | L90: 663.98542 | M90: 67.879766 | N90: 2256.1296 | O90: 141.41618 | Y90: =E90/F90 -> 4.0277778
D91: PX3 | E91: 2.01 | F91: 0.52 | H91: 15.382981 | I91: 29.582656 | J91: 251.0524 | K91: 16320.14 | L91: 482.79308 | M91: 80.65122 | N91: 5242.8862 | O91: 155.0985 | P91: 0.0028974066 | Q91: 0.00018835144 | R91: 0.0055719357 | S91: 3.6284662 | T91: 0.23587536 | U91: 6.9778197 | Y91: =E91/F91 -> 3.8653846
D92: PX4 | E92: 2.3533333 | F92: 0.595 | H92: 27.023521 | I92: 45.417683 | J92: 279.4262 | K92: 10340.111 | L92: 469.62387 | M92: 77.15105 | N92: 2854.9592 | O92: 129.66563 | P92: 0.0061995979 | Q92: 0.00022941488 | R92: 0.010419492 | S92: 4.321264 | T92: 0.15990751 | U92: 7.2626286 | Y92: =E92/F92 -> 3.9551821
D93: PX5 | E93: 1.8766667 | F93: 0.545 | H93: 23.347561 | I93: 42.839562 | J93: 237.9568 | K93: 10191.934 | L93: 436.61798 | M93: 80.734557 | N93: 3457.9439 | O93: 148.1368 | P93: 0.0059439444 | Q93: 0.00025458524 | R93: 0.01090632 | S93: 4.6651709 | T93: 0.19981405 | U93: 8.5599465 | Y93: =E93/F93 -> 3.4434251
C94: AI43 | D94: X1 | E94: 1.89 | F94: 0.54333333 | G94: 2.1166667 | H94: 42.532384 | I94: 78.280461 | J94: 353.0947 | K94: 8301.7848 | L94: 649.86755 | P94: 0.00046449664 | Q94: 1.0921011e-05 | R94: 0.0008549018 | S94: 4.7297679 | T94: 0.11120392 | U94: 8.7050944
D95: X2 | E95: 1.8066667 | F95: 0.5 | G95: 2.2333333 | H95: 44.668859 | I95: 89.337718 | J95: 346.588 | K95: 7759.052 | L95: 693.176 | P95: 0.00047672024 | Q95: 1.0672317e-05 | R95: 0.00095344048 | S95: 6.5078103 | T95: 0.1456901 | U95: 13.015621
D96: X3 | E96: 1.575 | F96: 0.47 | G96: 1.7916667 | H96: 37.832139 | I96: 80.493913 | J96: 333.5746 | K96: 8817.2281 | L96: 709.73319 | P96: 0.00039543333 | Q96: 1.0452312e-05 | R96: 0.0008413475 | S96: 5.6669627 | T96: 0.14979229 | U96: 12.057367
D97: X4 | E97: 1.7 | F97: 0.50666667 | G97: 2.525 | H97: 45.096154 | I97: 89.005567 | J97: 318.3923 | K97: 7060.2983 | L97: 628.40586 | P97: 0.00052072519 | Q97: 1.1546998e-05 | R97: 0.0010277471 | S97: 6.420222 | T97: 0.1423674 | U97: 12.671491
D98: X5 | E98: 1.6333333 | F98: 0.51 | H98: 44.241564 | I98: 86.748165 | J98: 366.1081 | K98: 8275.207 | L98: 717.85902 | P98: 0.00038687681 | Q98: 8.7446459e-06 | R98: 0.00075858198 | S98: 5.4830273 | T98: 0.12393385 | U98: 10.751034
D99: X6 | E99: 1.75 | F99: 0.51333333 | G99: 2.3916667 | H99: 44.241564 | I99: 86.184865 | J99: 355.2636 | K99: 8030.0868 | L99: 692.07195 | P99: 0.00045594013 | Q99: 1.0305696e-05 | R99: 0.00088819505 | S99: 5.0626035 | T99: 0.11443093 | U99: 9.8622146
D100: X7 | E100: 1.5066667 | F100: 0.53333333 | H100: 45.950744 | I100: 86.157645 | J100: 316.2234 | K100: 6881.7906 | L100: 592.91887 | P100: 0.00052439226 | Q100: 1.1412052e-05 | R100: 0.0009832355 | S100: 6.2625631 | T100: 0.13628861 | U100: 11.742306
...

Sheet Chronological Biochem
B1: Biochem Date | C1: Experiment | D1: Sample | E1: Picogreen | G1: Proline Incorporation | J1: S35 Incorporation
E2: Raw | F2: Picogreen (DW) | G2: Raw | H2: DNA | I2: DW | J2: Raw | K2: DNA | L2: DW | S2: Pico | T2: Proline | U2: S35
B3: 1 | C3: AI14 | D3: X1 | E3: 60.289263 | F3: 114.83669 | R3: 1 | S3: =AVERAGE(F3:F8) -> 100.52888
D4: X2 | E4: 36.140963 | F4: 62.312006 | R4: 2 | S4: =AVERAGE(F9:F14) -> 95.118572 | T4: =AVERAGE(I9:I14) -> 0.0012092016 | U4: =AVERAGE(L9:L14) -> 6.2953928
D5: X3 | E5: 44.922163 | F5: 91.677884 | R5: 3 | S5: =AVERAGE(F15:F22) -> 72.261723 | T5: =AVERAGE(I15:I22) -> 0.00018575655 | U5: =AVERAGE(L15:L22) -> 0.18813374
D6: X4 | E6: 47.117463 | F6: 85.668115 | R6: 4 | S6: =AVERAGE(F23:F30) -> 54.775662 | T6: =AVERAGE(I23:I30) -> 0.010190786 | U6: =AVERAGE(L23:L30) -> 6.2528118
D7: X5 | E7: 73.461063 | F7: 120.42797 | R7: 5 | S7: =AVERAGE(F31:F35) -> 44.454998 | T7: =AVERAGE(I31:I35) -> 0.010996459 | U7: =AVERAGE(L31:L35) -> 1.1109139
D8: X6 | E8: 67.972813 | F8: 128.25059 | R8: 6 | S8: =AVERAGE(F36:F40) -> 35.910772 | T8: =AVERAGE(I36:I40) -> 0.030820924 | U8: =AVERAGE(L36:L40) -> 0.94054811
B9: 2 | C9: AI16 | D9: X1 | E9: 61.440536 | F9: 107.79041 | G9: 0.00080662139 | H9: 1.3128489e-05 | I9: 0.0014151252 | J9: 4.3258401 | K9: 0.070406941 | L9: 7.5891932 | R9: 7 | S9: =AVERAGE(F41:F42) -> 39.838378 | T9: =AVERAGE(I41:I42) -> 0.00032412027 | U9: =AVERAGE(L41:L42) -> 1.6803524
D10: X2 | E10: 42.379986 | F10: 79.962237 | G10: 0.00055581013 | H10: 1.311492e-05 | I10: 0.0010486984 | J10: 2.3402086 | K10: 0.055219665 | L10: 4.4154879 | R10: 8
D11: X3 | E11: 43.410286 | F11: 79.6519 | G11: 0.00051710469 | H11: 1.1912032e-05 | I11: 0.00094881595 | J11: 2.5787423 | K11: 0.059403946 | L11: 4.7316372 | R11: 9 | S11: =AVERAGE(F43:F47) -> 25.739559 | T11: =AVERAGE(I43:I47) -> 0.013242268 | U11: =AVERAGE(L43:L47) -> 0.76697173
D12: X4 | E12: 43.925436 | F12: 78.438278 | G12: 0.00044124203 | H12: 1.0045251e-05 | I12: 0.00078793219 | J12: 3.1009376 | K12: 0.070595488 | L12: 5.5373885 | R12: 10 | S12: =AVERAGE(F48:F57) -> 50.060703 | T12: =AVERAGE(I48:I57) -> 0.0087163256 | U12: =AVERAGE(L48:L57) -> 6.4126147
D13: X5 | E13: 78.955636 | F13: 147.58063 | G13: 0.0011487775 | H13: 1.4549658e-05 | I13: 0.0021472476 | J13: 5.2026125 | K13: 0.065892858 | L13: 9.7245094 | R13: 11 | S13: =AVERAGE(F58:F70) -> 6.1273492 | T13: =AVERAGE(I58:I70) -> 0.0041933841 | U13: =AVERAGE(L58:L70) -> 0.67042739
D14: X6 | E14: 44.440586 | F14: 77.287975 | G14: 0.00052174934 | H14: 1.174038e-05 | I14: 0.00090739016 | J14: 3.3201307 | K14: 0.074709426 | L14: 5.7741403
B15: 3 | C15: AI22 | D15: PX1 | E15: 41.43907 | F15: 72.700123 | G15: 0.00018735551 | H15: 4.5212287e-06 | I15: 0.00032869388 | J15: 0.12561335 | K15: 0.0030312782 | L15: 0.2203743
D16: PX2 | E16: 30.71279 | F16: 46.889756 | G16: 4.014761e-05 | H16: 1.3071951e-06 | I16: 6.129406e-05 | J16: 0.11514557 | K16: 0.0037491081 | L16: 0.17579476
D17: PX3 | E17: 24.65011 | F17: 44.018054 | G17: 9.3677756e-05 | H17: 3.8002977e-06 | I17: 0.00016728171 | J17: 0.094210011 | K17: 0.0038218901 | L17: 0.16823216
C18: AI23 | D18: TX1 | E18: 42.37179 | F18: 79.946774
D19: TX2 | E19: 46.10267 | F19: 83.823036
D20: TX3 | E20: 49.36719 | F20: 99.731697
D21: TX4 | E21: 40.97271 | F21: 72.518071
D22: TX5 | E22: 42.37179 | F22: 78.466278
B23: 4 | C23: AI30 | D23: X1 | E23: 52.829016 | F23: 91.084511
D24: X2 | E24: 67.752536 | F24: 107.54371
C25: AI30 | D25: PX1 | E25: 19.058941 | F25: 32.30329 | G25: 0.0038134984 | H25: 0.00020008973 | I25: 0.0064635566 | J25: 4.8196797 | K25: 0.25288287 | L25: 8.1689487
D26: PX2 | E26: 30.086821 | F26: 62.680877 | G26: 0.011610931 | H26: 0.00038591418 | I26: 0.024189439
D27: PX3 | E27: 15.382981 | F27: 29.582656 | G27: 0.0028974066 | H27: 0.00018835144 | I27: 0.0055719357 | J27: 3.6284662 | K27: 0.23587536 | L27: 6.9778197
D28: PX4 | E28: 27.023521 | F28: 45.417683 | G28: 0.0061995979 | H28: 0.00022941488 | I28: 0.010419492 | J28: 4.321264 | K28: 0.15990751 | L28: 7.2626286
D29: PX5 | E29: 23.347561 | F29: 42.839562 | G29: 0.0059439444 | H29: 0.00025458524 | I29: 0.01090632 | J29: 4.6651709 | K29: 0.19981405 | L29: 8.5599465
C30: AI30 | D30: PX1 | E30: 15.382981 | F30: 26.753011 | G30: 0.0020665326 | H30: 0.00013433889 | I30: 0.0035939698 | J30: 0.16946133 | K30: 0.011016157 | L30: 0.29471536
B31: 5 | C31: DC3 | D31: X1 | E31: 29.915383 | F31: 60.435117 | G31: 0.0045611539 | H31: 0.00015246851 | I31: 0.0092144523 | J31: 0.61770576 | K31: 0.020648432 | L31: 1.2478904
D32: X2 | E32: 28.916998 | F32: 55.079996 | G32: 0.0043822851 | H32: 0.00015154703 | I32: 0.0083472097 | J32: 0.50944805 | K32: 0.017617598 | L32: 0.97037724
D33: X3 | E33: 24.257868 | F33: 51.612485 | G33: 0.0072292799 | H33: 0.00029801794 | I33: 0.015381446 | J33: 0.66865057 | K33: 0.027564276 | L33: 1.4226608
D34: X4 | E34: 10.280478 | F34: 18.14202 | G34: 0.0076019231 | H34: 0.00073945231 | I34: 0.013415158 | J34: 0.71322727 | K34: 0.069376859 | L34: 1.2586364
D35: X5 | E35: 17.269173 | F35: 37.005371 | G35: 0.0040245475 | H35: 0.00023304808 | I35: 0.0086240305 | J35: 0.30566883 | K35: 0.017700259 | L35: 0.65500464
B36: 6 | C36: DC7 | D36: X1 | E36: 20.227964 | F36: 36.446783 | G36: 0.0087793229 | H36: 0.0004340191 | I36: 0.0158186 | J36: 0.35914806 | K36: 0.017755027 | L36: 0.64711362
D37: X2 | E37: 12.877324 | F37: 25.004513 | G37: 0.0007203547 | H37: 5.593978e-05 | I37: 0.001398747 | J37: 0.018576624 | K37: 0.0014425841 | L37: 0.036071114
D38: X3 | E38: 22.065624 | F38: 45.970051 | G38: 0.014542161 | H38: 0.00065904142 | I38: 0.030296168 | J38: 0.57587534 | K38: 0.026098302 | L38: 1.1997403
D39: X4 | E39: 22.065624 | F39: 40.487384 | G39: 0.046958122 | H39: 0.0021281121 | I39: 0.086161692 | J39: 1.0650598 | K39: 0.048267828 | L39: 1.9542381
D40: X5 | E40: 14.714984 | F40: 31.645128 | G40: 0.0094996776 | H40: 0.0006455785 | I40: 0.020429414 | J40: 0.40249351 | K40: 0.027352629 | L40: 0.86557745
B41: 7 | C41: DC12 | D41: X9 | E41: 22.017959 | F41: 46.353598 | G41: 0.00020196417 | H41: 9.1727018e-06 | I41: 0.00042518773 | J41: 1.1030199 | K41: 0.050096371 | L41: 2.3221471
D42: X10 | E42: 18.660969 | F42: 33.323159 | G42: 0.00012490957 | H42: 6.6936271e-06 | I42: 0.0002230528 | J42: 0.58159229 | K42: 0.031166243 | L42: 1.0385577
B43: 9 | C43: DC16 | D43: X6 | E43: 17.800434 | F43: 34.56395 | G43: 0.0051699119 | H43: 0.00029043741 | I43: 0.010038664 | J43: 0.13601299 | K43: 0.007640993 | L43: 0.2641029
D44: X7 | E44: 5.9266841 | F44: 10.307277 | G44: 0.0050919736 | H44: 0.00085916062 | I44: 0.0088556062 | J44: 1.4343188 | K44: 0.24201034 | L44: 2.4944675
D45: X8 | E45: 9.2513341 | F45: 16.520239 | G45: 0.0083783749 | H45: 0.00090563964 | I45: 0.014961384 | J45: 0.24729635 | K45: 0.026730885 | L45: 0.44160063
D46: X9 | E46: 24.924684 | F46: 48.554579 | G46: 0.011898591 | H46: 0.00047738183 | I46: 0.023179074 | J46: 0.19783708 | K46: 0.0079373957 | L46: 0.38539691
D47: X10 | E47: 11.626084 | F47: 18.751749 | G47: 0.0056895011 | H47: 0.00048937381 | I47: 0.0091766146 | J47: 0.15456022 | K47: 0.013294263 | L47: 0.24929068
B48: 10 | C48: DC18 | D48: X1 | E48: 35.706693 | F48: 55.359214 | G48: 0.0037668386 | H48: 0.00010549391 | I48: 0.0058400598 | J48: 2.3239189 | K48: 0.065083567 | L48: 3.6029751
D49: X2 | E49: 42.630093 | F49: 69.885398 | G49: 0.0046783867 | H49: 0.00010974376 | I49: 0.0076694864 | J49: 3.9785064 | K49: 0.093326243 | L49: 6.5221416
D50: X3 | E50: 44.518293 | F50: 77.423118 | G50: 0.00840501 | H50: 0.00018879902 | I50: 0.014617409 | J50: 5.9436636 | K50: 0.13351059 | L50: 10.336806
D51: X4 | E51: 26.895093 | F51: 51.228748 | G51: 0.0032708492 | H51: 0.00012161509 | I51: 0.0062301889 | J51: 2.0401224 | K51: 0.075854818 | L51: 3.8859474
D52: X5 | E52: 22.489293 | F52: 39.4549 | G52: 0.0072119543 | H52: 0.00032068391 | I52: 0.012652551 | J52: 5.1351112 | K52: 0.22833582 | L52: 9.008967
D53: X6 | E53: 16.824693 | F53: 30.870996 | G53: 0.0028821007 | H53: 0.00017130183 | I53: 0.0052882582 | J53: 2.7897737 | K53: 0.16581424 | L53: 5.1188507
D54: X7 | E54: 30.042093 | F54: 55.633505
D55: X8 | E55: 16.195293 | F55: 27.922919
D56: X9 | E56: 24.377493 | F56: 42.767531
D57: X10
B58: 11 | C58: DC19 | D58: X6 | E58: 4.5306159 | F58: 9.0612318 | G58: 0.0027482644 | H58: 0.00060659842 | I58: 0.0054965289 | J58: 0.86254222 | K58: 0.19038079 | L58: 1.7250844
D59: X7 | E59: 10.849066 | F59: 19.906543 | G59: 0.0027914309 | H59: 0.00025729689 | I59: 0.0051218915 | J59: 0.60224842 | K59: 0.055511545 | L59: 1.105043
D60: X9 | E60: 2.5353159 | F60: 4.5273498 | G60: 0.00096405087 | H60: 0.00038024882 | I60: 0.0017215194 | J60: 0.35216221 | K60: 0.13890269 | L60: 0.62886109
D61: X10 | E61: 9.5188659 | F61: 20.470679 | G61: 0.00097843969 | H61: 0.00010278952 | I61: 0.0021041714 | J61: 0.42361541 | K61: 0.044502719 | L61: 0.91100088
C62: DC20 | D62: X1 | E62: 0.87256591 | F62: 1.3961055 | G62: 0.0033382112 | H62: 0.0038257411 | I62: 0.005341138 | J62: 0.2203865 | K62: 0.2525729 | L62: 0.35261841
D63: X2 | E63: -1.4552841 | F63: -2.8257944 | G63: 0.00082424968 | H63: -0.00056638404 | I63: 0.0016004848 | J63: 0.2203865 | K63: -0.15143882 | L63: 0.42793496
D64: X3 | E64: -0.12508409 | F64: -0.21200693 | G64: 0.0016897119 | H64: -0.013508607 | I64: 0.0028639184 | J64: 0.75131763 | K64: -6.0065003 | L64: 1.2734197
D65: X4 | E65: -0.12508409 | F65: -0.22336445 | G65: 0.0017034493 | H65: -0.013618433 | I65: 0.0030418738 | J65: 0.13022839 | K65: -1.0411267 | L65: 0.2325507
D66: X5 | E66: 6.1933659 | F66: 11.059582 | G66: 0.0018957743 | H66: 0.00030609757 | I66: 0.0033853112 | J66: 0.23541286 | K66: 0.038010488 | L66: 0.4203801
C67: DC20 | D67: X1 | E67: 5.5282659 | F67: 11.205944 | G67: 0.0014699119 | H67: 0.00026589024 | I67: 0.0029795512 | J67: 0.16528988 | K67: 0.029899046 | L67: 0.33504705
D68: X2 | E68: 0.20746591 | F68: 0.36081028 | G68: 0.0036679111 | H68: 0.017679585 | I68: 0.0063789758 | J68: 0.21036894 | K68: 1.0139928 | L68: 0.36585902
D69: X3 | E69: 0.54001591 | F69: 0.80599389 | G69: 0.0019781992 | H69: 0.003663224 | I69: 0.0029525362 | J69: 0.23541286 | K69: 0.43593689 | L69: 0.35136247
D70: X4 | E70: 2.5353159 | F70: 4.1224649 | G70: 0.0070885473 | H70: 0.0027959227 | I70: 0.011526093 | J70: 0.36063246 | K70: 0.1422436 | L70: 0.58639425

Sheet Sheet3
B1: Biochem Date | C1: Experiment | D1: Sample | E1: Picogreen | G1: Proline Incorporation | J1: S35 Incorporation
E2: Raw | F2: Picogreen (DW) | G2: Raw | H2: DNA | I2: DW | J2: Raw | K2: DNA | L2: DW
B3: 1 | C3: AI9 | D3: X1 | E3: 31.750363 | F3: 56.195333 | Q3: Pico | R3: Proline | S3: S35
D4: X2 | E4: 42.726863 | F4: 101.73063 | P4: 1 | Q4: =AVERAGE(F3:F7) -> 61.419817
D5: X3 | E5: 20.773863 | F5: 47.756008 | P5: 2 | Q5: =AVERAGE(F8:F10) -> 75.55918 | R5: =AVERAGE(I8:I10) -> 0.0048104708 | S5: =AVERAGE(L8:L10) -> 2.3003255
D6: X4 | E6: 25.164463 | F6: 49.342085 | P6: 3 | Q6: =AVERAGE(F11:F27) -> 51.191006 | R6: =AVERAGE(I11:I27) -> 0.0040325917 | S6: =AVERAGE(L11:L27) -> 1.2506067
D7: X5 | E7: 21.871513 | F7: 52.075032 | P7: 4 | Q7: =AVERAGE(F28:F35) -> 21.369337 | R7: =AVERAGE(I28:I35) -> 0.0049596739 | S7: =AVERAGE(L28:L35) -> 3.8817988
B8: 2 | C8: AI19 | D8: X1 | E8: 29.501236 | F8: 80.457916 | G8: 0.0030613574 | H8: 0.00010377048 | I8: 0.0083491567 | J8: 1.5932451 | K8: 0.054006047 | L8: 4.345214 | P8: 5 | Q8: =AVERAGE(F36:F45) -> 27.663029 | R8: =AVERAGE(I36:I45) -> 0.0069601431 | S8: =AVERAGE(L36:L45) -> 1.0143313
D9: X3 | E9: 24.864886 | F9: 52.347128 | G9: 0.00060049704 | H9: 2.4150404e-05 | I9: 0.0012642043 | J9: 0.10971448 | K9: 0.0044124266 | L9: 0.23097786 | P9: 6 | Q9: =AVERAGE(F46:F49) -> 29.661331 | R9: =AVERAGE(I46:I49) -> 0.0067249063 | S9: =AVERAGE(L46:L49) -> 7.5659127
D10: X4 | E10: 40.834536 | F10: 93.872496 | G10: 0.0020958524 | H10: 5.1325486e-05 | I10: 0.0048180515 | J10: 1.0112813 | K10: 0.024765344 | L10: 2.3247847
B11: 3 | C11: AI22 | D11: PX1 | E11: 41.43907 | F11: 72.700123 | G11: 0.00018735551 | H11: 4.5212287e-06 | I11: 0.00032869388 | J11: 0.12561335 | K11: 0.0030312782 | L11: 0.2203743
D12: PX2 | E12: 30.71279 | F12: 46.889756 | G12: 4.014761e-05 | H12: 1.3071951e-06 | I12: 6.129406e-05 | J12: 0.11514557 | K12: 0.0037491081 | L12: 0.17579476
D13: PX3 | E13: 24.65011 | F13: 44.018054 | G13: 9.3677756e-05 | H13: 3.8002977e-06 | I13: 0.00016728171 | J13: 0.094210011 | K13: 0.0038218901 | L13: 0.16823216
D14: PX4 | E14: 31.17915 | F14: 52.846017 | G14: 0 | H14: 0 | I14: 0 | J14: 0.12037946 | K14: 0.0038608961 | L14: 0.20403298
D15: PX5 | E15: 34.91003 | F15: 53.297756 | G15: 0.00020073805 | H15: 5.750154e-06 | I15: 0.0003064703 | J15: 0.088976122 | K15: 0.0025487266 | L15: 0.13584141
D16: TX1 | E16: 30.24643 | F16: 63.013396
D17: TX2 | E17: 23.71739 | F17: 41.247635
D18: TX3 | E18: 27.44827 | F18: 57.183896
D19: TX4 | E19: 43.77087 | F19: 84.17475
D20: TX5 | E20: 22.31831 | F20: 35.997274
C21: AI24 | D21: PX1 | E21: 18.12107 | F21: 34.407095 | G21: 0.0070060981 | H21: 0.00038662718 | I21: 0.013302718 | J21: 2.1140803 | K21: 0.11666421 | L21: 4.0140765
D22: PX2 | E22: 23.25103 | F22: 49.470277 | G22: 0.0066089913 | H22: 0.0002842451 | I22: 0.014061684 | J22: 1.8028705 | K22: 0.077539382 | L22: 3.8358947
D23: TX1 | E23: 26.98191 | F23: 52.905706
D24: TX2 | E24: 34.44367 | F24: 56.005967
D25: TX3 | E25: 32.11187 | F25: 48.654348
D26: TX4 | E26: 26.51555 | F26: 40.793154
D27: TX5 | E27: 19.05379 | F27: 36.641904
B28: 4 | C28: AI30 | D28: PX1 | E28: 13.545001 | F28: 25.317759 | G28: 0.003195669 | H28: 0.00023592977 | I28: 0.0059732131 | J28: 3.8926265 | K28: 0.28738473 | L28: 7.2759375
D29: PX2 | E29: 15.076651 | F29: 25.994226 | G29: 0.0031104512 | H29: 0.00020630916 | I29: 0.0053628469 | J29: 3.2446861 | K29: 0.21521266 | L29: 5.5942865
D30: PX3 | E30: 15.382981 | F30: 25.012977 | G30: 0.0027269709 | H30: 0.00017727194 | I30: 0.004434099 | J30: 2.9057635 | K30: 0.18889469 | L30: 4.7248187
D31: PX4 | E31: 12.319681 | F31: 19.870453 | G31: 0.0019813148 | H31: 0.00016082517 | I31: 0.003195669 | J31: 3.0901773 | K31: 0.25083257 | L31: 4.9841569
D32: PX5 | E32: 13.851331 | F32: 23.34494 | G32: 0.0035578448 | H32: 0.00025685942 | I32: 0.0059963677 | J32: 4.3810739 | K32: 0.31629263 | L32: 7.3838324
C33: AI30 | D33: PX1 | E33: 13.851331 | F33: 25.890339 | G33: 0.0030039289 | H33: 0.00021686933 | I33: 0.0056148203 | J33: 0.20933459 | K33: 0.015112958 | L33: 0.39127961
D34: PX2 | E34: 5.8867512 | F34: 11.393712 | G34: 0.0029826244 | H34: 0.00050666732 | I34: 0.0057728215 | J34: 0.22927122 | K34: 0.038946986 | L34: 0.44375074
D35: PX3 | E35: 7.4184012 | F35: 14.130288 | G35: 0.0017469657 | H35: 0.00023549087 | I35: 0.0033275538 | J35: 0.13457224 | K35: 0.018140329 | L35: 0.25632807
B36: 5 | C36: DC2 | D36: X2 | E36: 12.277248 | F36: 24.073035 | G36: 0.0010543324 | H36: 8.587693e-05 | I36: 0.0020673184 | J36: 0.6929059 | K36: 0.05643821 | L36: 1.358639
C37: DC4 | D37: X1 | E37: 17.269173 | F37: 31.398496 | G37: 0.0066016566 | H37: 0.00038227984 | I37: 0.012003012 | J37: 0.4364028 | K37: 0.025270626 | L37: 0.79345964
D38: X2 | E38: 17.934763 | F38: 42.701817 | G38: 0.0026296292 | H38: 0.00014662191 | I38: 0.006261022 | J38: 0.22968569 | K38: 0.012806731 | L38: 0.54687068
D39: X3 | E39: 13.275633 | F39: 33.189082 | G39: 0.0049098672 | H39: 0.00036984053 | I39: 0.012274668 | J39: 0.3273021 | K39: 0.02465435 | L39: 0.81825526
D40: X4 | E40: 5.621348 | F40: 14.600904 | G40: 0.0050937573 | H40: 0.00090614518 | I40: 0.013230539 | J40: 0.41917638 | K40: 0.074568659 | L40: 1.0887698
D41: X5 | E41: 16.936378 | F41: 36.034847 | G41: 0.003567469 | H41: 0.00021063943 | I41: 0.0075903597 | J41: 0.35027067 | K41: 0.020681557 | L41: 0.74525675
C42: DC5 | D42: X1 | E42: 13.608428 | F42: 26.947382 | G42: 0.0039056339 | H42: 0.00028700111 | I42: 0.0077339286 | J42: 0.31899373 | K42: 0.023440895 | L42: 0.63167075
D43: X2 | E43: 11.611658 | F43: 27.979899 | G43: 0.0011702274 | H43: 0.00010078039 | I43: 0.002819825 | J43: 0.26203056 | K43: 0.022566163 | L43: 0.63139895
D44: X5 | E44: 8.949298 | F44: 18.263873 | G44: 0.0017260854 | H44: 0.00019287383 | I44: 0.0035226233 | J44: 1.4867386 | K44: 0.16612908 | L44: 3.0341605
D45: X6 | E45: 10.613273 | F45: 21.440955 | G45: 0.0010385768 | H45: 9.7856412e-05 | I45: 0.002098135 | J45: 0.24494161 | K45: 0.023078801 | L45: 0.49483154
B46: 6 | C46: DC13 | D46: X6 | E46: 16.103303 | F46: 25.560798 | G46: 0.0041187321 | H46: 0.00025576939 | I46: 0.0065376699 | J46: 4.1265544 | K46: 0.25625515 | L46: 6.5500863
D47: X7 | E47: 20.239403 | F47: 35.821952 | G47: 0.0037644325 | H47: 0.00018599524 | I47: 0.0066627124 | J47: 4.888266 | K47: 0.24152224 | L47: 8.6517983
D48: X8 | E48: 10.588503 | F48: 21.390915 | G48: 0.0036168077 | H48: 0.00034157876 | I48: 0.0073066823 | J48: 3.5867005 | K48: 0.33873537 | L48: 7.2458596
D49: X9 | E49: 19.550053 | F49: 35.871657 | G49: 0.0034839454 | H49: 0.00017820644 | I49: 0.0063925604 | J49: 4.259669 | K49: 0.21788529 | L49: 7.8159065

Sheet Alamar Blue (Raw)
A1: Table of Contents | B1: 4m Male | Q1: 24m Male
B2: DC3 - D7 5% | D2: 1 | E2: 2 | F2: 3 | G2: 4 | H2: 5 | I2: 6 | J2: 7 | K2: 8 | L2: 9 | M2: 10 | N2: 11 | O2: 12 | Q2: DC2 -D7 5% | S2: 1 | T2: 2 | U2: 3 | V2: 4 | W2: 5 | X2: 6 | Y2: 7 | Z2: 8 | AA2: 9 | AB2: 10 | AC2: 11 | AD2: 12
C3: A | D3: 69 | E3: 63 | F3: 67 | G3: 0 | H3: 2 | I3: 2 | J3: 0 | K3: 3 | L3: 4 | M3: 3 | N3: 1 | O3: 0 | R3: A | S3: 67 | T3: 64 | U3: 61 | V3: 2 | W3: 5 | X3: 2 | Y3: 4 | Z3: 2 | AA3: 2 | AB3: 2 | AC3: 2 | AD3: 3
C4: B | D4: 105 | E4: 106 | F4: 102 | G4: 3 | H4: 4 | I4: 2 | J4: 1 | K4: 0 | L4: 5 | M4: 0 | N4: 0 | O4: 4 | R4: B | S4: 196 | T4: 196 | U4: 193 | V4: 2 | W4: 1 | X4: 6 | Y4: 2 | Z4: 0 | AA4: 0 | AB4: 5 | AC4: 2 | AD4: 1
C5: C | D5: 91 | E5: 85 | F5: 82 | G5: 3 | H5: 5 | I5: 2 | J5: 4 | K5: 4 | L5: 0 | M5: 1 | N5: 2 | O5: 4 | R5: C | S5: 373 | T5: 374 | U5: 375 | V5: 2 | W5: 2 | X5: 2 | Y5: 2 | Z5: 1 | AA5: 0 | AB5: 3 | AC5: 2 | AD5: 3
C6: D | D6: 93 | E6: 91 | F6: 88 | G6: 0 | H6: 5 | I6: 4 | J6: 5 | K6: 0 | L6: 3 | M6: 1 | N6: 2 | O6: 1 | R6: D | S6: 136 | T6: 140 | U6: 139 | V6: 3 | W6: 0 | X6: 2 | Y6: 2 | Z6: 1 | AA6: 2 | AB6: 7 | AC6: 3 | AD6: 1
C7: E | D7: 93 | E7: 89 | F7: 92 | G7: 2 | H7: 2 | I7: 3 | J7: 1 | K7: 2 | L7: 5 | M7: 1 | N7: 1 | O7: 3 | R7: E | S7: 3 | T7: 1 | U7: 7 | V7: 2 | W7: 3 | X7: 2 | Y7: 0 | Z7: 2 | AA7: 3 | AB7: 1 | AC7: 2 | AD7: 3
C8: F | D8: 95 | E8: 93 | F8: 97 | G8: 0 | H8: 2 | I8: 0 | J8: 1 | K8: 3 | L8: 0 | M8: 4 | N8: 0 | O8: 1 | R8: F | S8: 3 | T8: 3 | U8: 6 | V8: 5 | W8: 0 | X8: 0 | Y8: 1 | Z8: 6 | AA8: 0 | AB8: 4 | AC8: 0 | AD8: 4
C9: G | D9: 0 | E9: 6 | F9: 2 | G9: 1 | H9: 3 | I9: 5 | J9: 2 | K9: 0 | L9: 0 | M9: 5 | N9: 1 | O9: 3 | R9: G | S9: 3 | T9: 3 | U9: 2 | V9: 4 | W9: 3 | X9: 6 | Y9: 4 | Z9: 4 | AA9: 2 | AB9: 4 | AC9: 2 | AD9: 2
C10: H | D10: 0 | E10: 6 | F10: 3 | G10: 2 | H10: 0 | I10: 0 | J10: 2 | K10: 1 | L10: 0 | M10: 2 | N10: 3 | O10: 1 | R10: H | S10: 2 | T10: 4 | U10: 3 | V10: 0 | W10: 4 | X10: 6 | Y10: 1 | Z10: 1 | AA10: 4 | AB10: 2 | AC10: 0 | AD10: 3
B11: DC7 - D7 15% | D11: 1 | E11: 2 | F11: 3 | G11: 4 | H11: 5 | I11: 6 | J11: 7 | K11: 8 | L11: 9 | M11: 10 | N11: 11 | O11: 12 | Q11: DC4 -D7 5% | S11: 1 | T11: 2 | U11: 3 | V11: 4 | W11: 5 | X11: 6 | Y11: 7 | Z11: 8 | AA11: 9 | AB11: 10 | AC11: 11 | AD11: 12
C12: A | D12: 56 | E12: 59 | F12: 55 | G12: 3 | H12: 1 | I12: 1 | J12: 0 | K12: 0 | L12: 2 | M12: 2 | N12: 0 | O12: 6 | R12: A | S12: 70 | T12: 70 | U12: 70 | V12: 2 | W12: 0 | X12: 1 | Y12: 4 | Z12: 2 | AA12: 4 | AB12: 2 | AC12: 7 | AD12: 6
C13: B | D13: 210 | E13: 215 | F13: 203 | G13: 2 | H13: 2 | I13: 6 | J13: 1 | K13: 2 | L13: 2 | M13: 0 | N13: 0 | O13: 4 | R13: B | S13: 198 | T13: 191 | U13: 198 | V13: 2 | W13: 4 | X13: 8 | Y13: 0 | Z13: 3 | AA13: 5 | AB13: 0 | AC13: 3 | AD13: 4
C14: C | D14: 207 | E14: 214 | F14: 205 | G14: 2 | H14: 2 | I14: 0 | J14: 2 | K14: 5 | L14: 0 | M14: 4 | N14: 2 | O14: 3 | R14: C | S14: 177 | T14: 181 | U14: 184 | V14: 4 | W14: 0 | X14: 3 | Y14: 3 | Z14: 1 | AA14: 3 | AB14: 6 | AC14: 4 | AD14: 2
C15: D | D15: 136 | E15: 136 | F15: 133 | G15: 5 | H15: 7 | I15: 0 | J15: 2 | K15: 0 | L15: 1 | M15: 0 | N15: 5 | O15: 0 | R15: D | S15: 189 | T15: 193 | U15: 186 | V15: 1 | W15: 7 | X15: 0 | Y15: 6 | Z15: 3 | AA15: 3 | AB15: 3 | AC15: 0 | AD15: 3
C16: E | D16: 177 | E16: 185 | F16: 183 | G16: 3 | H16: 2 | I16: 2 | J16: 2 | K16: 1 | L16: 4 | M16: 1 | N16: 3 | O16: 0 | R16: E | S16: 192 | T16: 197 | U16: 195 | V16: 3 | W16: 0 | X16: 5 | Y16: 3 | Z16: 4 | AA16: 2 | AB16: 3 | AC16: 2 | AD16: 3
C17: F | D17: 184 | E17: 191 | F17: 191 | G17: 0 | H17: 1 | I17: 2 | J17: 5 | K17: 3 | L17: 5 | M17: 0 | N17: 0 | O17: 1 | R17: F | S17: 192 | T17: 190 | U17: 201 | V17: 2 | W17: 1 | X17: 4 | Y17: 4 | Z17: 4 | AA17: 0 | AB17: 7 | AC17: 3 | AD17: 5
C18: G | D18: 0 | E18: 4 | F18: 2 | G18: 1 | H18: 2 | I18: 4 | J18: 0 | K18: 2 | L18: 2 | M18: 0 | N18: 2 | O18: 3 | R18: G | S18: 6 | T18: 2 | U18: 0 | V18: 0 | W18: 2 | X18: 4 | Y18: 5 | Z18: 1 | AA18: 4 | AB18: 6 | AC18: 6 | AD18: 6
C19: H | D19: 0 | E19: 3 | F19: 2 | G19: 3 | H19: 0 | I19: 0 | J19: 2 | K19: 1 | L19: 5 | M19: 0 | N19: 3 | O19: 3 | R19: H | S19: 1 | T19: 0 | U19: 1 | V19: 3 | W19: 3 | X19: 2 | Y19: 0 | Z19: 3 | AA19: 0 | AB19: 8 | AC19: 1 | AD19: 3
B20: DC8 - D1 15% | D20: 1 | E20: 2 | F20: 3 | G20: 4 | H20: 5 | I20: 6 | J20: 7 | K20: 8 | L20: 9 | M20: 10 | N20: 11 | O20: 12 | Q20: DC5 - D7 15% | S20: 1 | T20: 2 | U20: 3 | V20: 4 | W20: 5 | X20: 6 | Y20: 7 | Z20: 8 | AA20: 9 | AB20: 10 | AC20: 11 | AD20: 12
C21: A | D21: 54 | E21: 57 | F21: 52 | G21: 1 | H21: 1 | I21: 1 | J21: 2 | K21: 5 | L21: 1 | M21: 5 | N21: 0 | O21: 2 | R21: A | S21: 66 | T21: 61 | U21: 63 | V21: 0 | W21: 0 | X21: 1 | Y21: 2 | Z21: 3 | AA21: 3 | AB21: 3 | AC21: 6 | AD21: 0
C22: B | D22: 81 | E22: 80 | F22: 74 | G22: 3 | H22: 1 | I22: 5 | J22: 4 | K22: 4 | L22: 2 | M22: 3 | N22: 0 | O22: 0 | R22: B | S22: 195 | T22: 194 | U22: 199 | V22: 6 | W22: 3 | X22: 3 | Y22: 1 | Z22: 5 | AA22: 3 | AB22: 4 | AC22: 4 | AD22: 1
C23: C | D23: 69 | E23: 68 | F23: 74 | G23: 4 | H23: 0 | I23: 2 | J23: 1 | K23: 4 | L23: 2 | M23: 2 | N23: 0 | O23: 4 | R23: C | S23: 147 | T23: 142 | U23: 147 | V23: 2 | W23: 3 | X23: 2 | Y23: 1 | Z23: 0 | AA23: 2 | AB23: 2 | AC23: 1 | AD23: 5
C24: D | D24: 72 | E24: 74 | F24: 74 | G24: 7 | H24: 4 | I24: 2 | J24: 4 | K24: 2 | L24: 5 | M24: 3 | N24: 2 | O24: 3 | R24: D | S24: 51 | T24: 55 | U24: 61 | V24: 2 | W24: 3 | X24: 0 | Y24: 0 | Z24: 0 | AA24: 4 | AB24: 5 | AC24: 0 | AD24: 2
C25: E | D25: 96 | E25: 93 | F25: 96 | G25: 4 | H25: 3 | I25: 3 | J25: 5 | K25: 2 | L25: 3 | M25: 2 | N25: 3 | O25: 3 | R25: E | S25: 49 | T25: 52 | U25: 51 | V25: 1 | W25: 5 | X25: 2 | Y25: 4 | Z25: 3 | AA25: 1 | AB25: 2 | AC25: 1 | AD25: 7
C26: F | D26: 76 | E26: 72 | F26: 72 | G26: 0 | H26: 5 | I26: 6 | J26: 2 | K26: 0 | L26: 4 | M26: 7 | N26: 1 | O26: 3 | R26: F | S26: 214 | T26: 219 | U26: 218 | V26: 3 | W26: 2 | X26: 2 | Y26: 5 | Z26: 2 | AA26: 5 | AB26: 7 | AC26: 4 | AD26: 1
C27: G | D27: 85 | E27: 90 | F27: 85 | G27: 3 | H27: 7 | I27: 3 | J27: 4 | K27: 6 | L27: 3 | M27: 1 | N27: 3 | O27: 4 | R27: G | S27: 159 | T27: 156 | U27: 148 | V27: 5 | W27: 3 | X27: 5 | Y27: 4 | Z27: 3 | AA27: 5 | AB27: 3 | AC27: 3 | AD27: 3
C28: H | D28: 3 | E28: 2 | F28: 6 | G28: 4 | H28: 8 | I28: 6 | J28: 5 | K28: 5 | L28: 3 | M28: 5 | N28: 5 | O28: 4 | R28: H | S28: 3 | T28: 1 | U28: 4 | V28: 4 | W28: 0 | X28: 4 | Y28: 3 | Z28: 6 | AA28: 4 | AB28: 0 | AC28: 3 | AD28: 1
B29: DC9 - D1 5% | D29: 1 | E29: 2 | F29: 3 | G29: 4 | H29: 5 | I29: 6 | J29: 7 | K29: 8 | L29: 9 | M29: 10 | N29: 11 | O29: 12 | Q29: DC10 - D1 15% | S29: 1 | T29: 2 | U29: 3 | V29: 4 | W29: 5 | X29: 6 | Y29: 7 | Z29: 8 | AA29: 9 | AB29: 10 | AC29: 11 | AD29: 12
C30: A | D30: 45 | E30: 44 | F30: 43 | G30: 3 | H30: 0 | I30: 3 | J30: 4 | K30: 4 | L30: 2 | M30: 0 | N30: 1 | O30: 1 | R30: A | S30: 51 | T30: 55 | U30: 57 | V30: 2 | W30: 2 | X30: 2 | Y30: 1 | Z30: 0 | AA30: 3 | AB30: 1 | AC30: 0 | AD30: 0
C31: B | D31: 69 | E31: 66 | F31: 62 | G31: 0 | H31: 4 | I31: 1 | J31: 3 | K31: 3 | L31: 2 | M31: 1 | N31: 2 | O31: 3 | R31: B | S31: 86 | T31: 86 | U31: 88 | V31: 5 | W31: 1 | X31: 6 | Y31: 5 | Z31: 0 | AA31: 3 | AB31: 2 | AC31: 6 | AD31: 0
C32: C | D32: 59 | E32: 61 | F32: 65 | G32: 2 | H32: 1 | I32: 0 | J32: 4 | K32: 3 | L32: 5 | M32: 3 | N32: 0 | O32: 2 | R32: C | S32: 81 | T32: 77 | U32: 78 | V32: 4 | W32: 4 | X32: 1 | Y32: 6 | Z32: 1 | AA32: 3 | AB32: 6 | AC32: 6 | AD32: 3
C33: D | D33: 58 | E33: 59 | F33: 61 | G33: 1 | H33: 4 | I33: 3 | J33: 3 | K33: 0 | L33: 3 | M33: 3 | N33: 2 | O33: 3 | R33: D | S33: 90 | T33: 91 | U33: 91 | V33: 6 | W33: 1 | X33: 3 | Y33: 3 | Z33: 3 | AA33: 4 | AB33: 2 | AC33: 6 | AD33: 1
C34: E | D34: 68 | E34: 70 | F34: 68 | G34: 2 | H34: 2 | I34: 1 | J34: 3 | K34: 3 | L34: 2 | M34: 1 | N34: 3 | O34: 3 | R34: E | S34: 86 | T34: 85 | U34: 86 | V34: 3 | W34: 2 | X34: 3 | Y34: 7 | Z34: 3 | AA34: 1 | AB34: 2 | AC34: 4 | AD34: 3
C35: F | D35: 69 | E35: 66 | F35: 65 | G35: 1 | H35: 2 | I35: 0 | J35: 3 | K35: 3 | L35: 2 | M35: 0 | N35: 4 | O35: 3 | R35: F | S35: 93 | T35: 91 | U35: 85 | V35: 4 | W35: 2 | X35: 3 | Y35: 3 | Z35: 5 | AA35: 6 | AB35: 0 | AC35: 4 | AD35: 3
C36: G | D36: 60 | E36: 62 | F36: 64 | G36: 1 | H36: 0 | I36: 4 | J36: 1 | K36: 2 | L36: 2 | M36: 4 | N36: 3 | O36: 2 | R36: G | S36: 72 | T36: 71 | U36: 74 | V36: 3 | W36: 1 | X36: 2 | Y36: 4 | Z36: 2 | AA36: 4 | AB36: 6 | AC36: 3 | AD36: 6
C37: H | D37: 3 | E37: 4 | F37: 2 | G37: 3 | H37: 1 | I37: 1 | J37: 3 | K37: 1 | L37: 4 | M37: 3 | N37: 1 | O37: 1 | R37: H | S37: 7 | T37: 6 | U37: 1 | V37: 3 | W37: 3 | X37: 2 | Y37: 3 | Z37: 2 | AA37: 5 | AB37: 4 | AC37: 5 | AD37: 2
B38: DC12 - D1 5% | D38: 1 | E38: 2 | F38: 3 | G38: 4 | H38: 5 | I38: 6 | J38: 7 | K38: 8 | L38: 9 | M38: 10 | N38: 11 | O38: 12 | Q38: DC11 - D1 5% | S38: 1 | T38: 2 | U38: 3 | V38: 4 | W38: 5 | X38: 6 | Y38: 7 | Z38: 8 | AA38: 9 | AB38: 10 | AC38: 11 | AD38: 12
C39: A | D39: 62 | E39: 65 | F39: 65 | G39: 14 | H39: 15 | I39: 15 | J39: 3 | K39: 5 | L39: 3 | M39: 1 | N39: 0 | O39: 3 | R39: A | S39: 62 | T39: 61 | U39: 62 | V39: 0 | W39: 2 | X39: 0 | Y39: 1 | Z39: 1 | AA39: 0 | AB39: 0 | AC39: 2 | AD39: 0
C40: B | D40: 88 | E40: 87 | F40: 92 | G40: 4 | H40: 2 | I40: 2 | J40: 3 | K40: 2 | L40: 2 | M40: 4 | N40: 3 | O40: 4 | R40: B | S40: 73 | T40: 76 | U40: 76 | V40: 2 | W40: 2 | X40: 0 | Y40: 2 | Z40: 4 | AA40: 1 | AB40: 0 | AC40: 1 | AD40: 2
C41: C | D41: 71 | E41: 73 | F41: 78 | G41: 3 | H41: 2 | I41: 5 | J41: 1 | K41: 5 | L41: 1 | M41: 2 | N41: 3 | O41: 0 | R41: C | S41: 76 | T41: 78 | U41: 80 | V41: 0 | W41: 0 | X41: 0 | Y41: 0 | Z41: 0 | AA41: 2 | AB41: 4 | AC41: 1 | AD41: 4
C42: D | D42: 74 | E42: 75 | F42: 77 | G42: 4 | H42: 0 | I42: 0 | J42: 1 | K42: 1 | L42: 2 | M42: 1 | N42: 2 | O42: 3 | R42: D | S42: 80 | T42: 81 | U42: 79 | V42: 1 | W42: 3 | X42: 1 | Y42: 4 | Z42: 5 | AA42: 4 | AB42: 2 | AC42: 1 | AD42: 3
C43: E | D43: 73 | E43: 75 | F43: 71 | G43: 2 | H43: 3 | I43: 6 | J43: 2 | K43: 3 | L43: 1 | M43: 2 | N43: 4 | O43: 3 | R43: E | S43: 74 | T43: 75 | U43: 77 | V43: 2 | W43: 2 | X43: 6 | Y43: 5 | Z43: 1 | AA43: 1 | AB43: 0 | AC43: 5 | AD43: 1
C44: F | D44: 70 | E44: 66 | F44: 68 | G44: 5 | H44: 4 | I44: 2 | J44: 0 | K44: 1 | L44: 4 | M44: 1 | N44: 2 | O44: 4 | R44: F | S44: 78 | T44: 82 | U44: 80 | V44: 1 | W44: 0 | X44: 1 | Y44: 1 | Z44: 0 | AA44: 1 | AB44: 3 | AC44: 3 | AD44: 0
C45: G | D45: 2 | E45: 3 | F45: 2 | G45: 4 | H45: 1 | I45: 2 | J45: 1 | K45: 0 | L45: 3 | M45: 1 | N45: 4 | O45: 2 | R45: G | S45: 76 | T45: 75 | U45: 81 | V45: 1 | W45: 2 | X45: 5 | Y45: 1 | Z45: 3 | AA45: 3 | AB45: 1 | AC45: 4 | AD45: 5
C46: H | D46: 0 | E46: 2 | F46: 4 | G46: 3 | H46: 1 | I46: 4 | J46: 5 | K46: 3 | L46: 2 | M46: 4 | N46: 0 | O46: 2 | R46: H | S46: 4 | T46: 0 | U46: 4 | V46: 2 | W46: 1 | X46: 1 | Y46: 0 | Z46: 3 | AA46: 2 | AB46: 1 | AC46: 1 | AD46: 2
B47: DC12 - D7 5% | D47: 1 | E47: 2 | F47: 3 | G47: 4 | H47: 5 | I47: 6 | J47: 7 | K47: 8 | L47: 9 | M47: 10 | N47: 11 | O47: 12 | Q47: DC13 - D1 5% | S47: 1 | T47: 2 | U47: 3 | V47: 4 | W47: 5 | X47: 6 | Y47: 7 | Z47: 8 | AA47: 9 | AB47: 10 | AC47: 11 | AD47: 12
C48: A | D48: 60 | E48: 61 | F48: 65 | G48: 3 | H48: 0 | I48: 0 | J48: 5 | K48: 3 | L48: 1 | M48: 5 | N48: 2 | O48: 3 | R48: A | S48: 58 | T48: 60 | U48: 61 | V48: 6 | W48: 3 | X48: 3 | Y48: 2 | Z48: 3 | AA48: 4 | AB48: 4 | AC48: 0 | AD48: 0
C49: B | D49: 298 | E49: 287 | F49: 268 | G49: 4 | H49: 4 | I49: 1 | J49: 4 | K49: 0 | L49: 3 | M49: 5 | N49: 2 | O49: 4 | R49: B | S49: 72 | T49: 77 | U49: 76 | V49: 4 | W49: 0 | X49: 2 | Y49: 2 | Z49: 0 | AA49: 1 | AB49: 0 | AC49: 2 | AD49: 0
C50: C | D50: 482 | E50: 487 | F50: 497 | G50: 3 | H50: 3 | I50: 2 | J50: 3 | K50: 2 | L50: 1 | M50: 3 | N50: 4 | O50: 2 | R50: C | S50: 85 | T50: 82 | U50: 82 | V50: 3 | W50: 3 | X50: 3 | Y50: 1 | Z50: 8 | AA50: 0 | AB50: 6 | AC50: 4 | AD50: 4
C51: D | D51: 88 | E51: 91 | F51: 91 | G51: 2 | H51: 3 | I51: 1 | J51: 2 | K51: 0 | L51: 3 | M51: 6 | N51: 3 | O51: 4 | R51: D | S51: 67 | T51: 71 | U51: 67 | V51: 3 | W51: 4 | X51: 3 | Y51: 2 | Z51: 0 | AA51: 3 | AB51: 2 | AC51: 4 | AD51: 0
C52: E | D52: 102 | E52: 106 | F52: 105 | G52: 4 | H52: 4 | I52: 2 | J52: 2 | K52: 1 | L52: 4 | M52: 3 | N52: 0 | O52: 3 | R52: E | S52: 75 | T52: 75 | U52: 77 | V52: 3 | W52: 5 | X52: 3 | Y52: 4 | Z52: 3 | AA52: 1 | AB52: 5 | AC52: 4 | AD52: 6
C53: F | D53: 83 | E53: 84 | F53: 85 | G53: 2 | H53: 3 | I53: 2 | J53: 3 | K53: 0 | L53: 2 | M53: 3 | N53: 3 | O53: 3 | R53: F | S53: 73 | T53: 73 | U53: 74 | V53: 3 | W53: 5 | X53: 6 | Y53: 4 | Z53: 5 | AA53: 5 | AB53: 7 | AC53: 2 | AD53: 3
C54: G | D54: 3 | E54: 4 | F54: 1 | G54: 1 | H54: 1 | I54: 0 | J54: 4 | K54: 2 | L54: 4 | M54: 1 | N54: 4 | O54: 2 | R54: G | S54: 3 | T54: 2 | U54: 6 | V54: 4 | W54: 6 | X54: 4 | Y54: 3 | Z54: 7 | AA54: 1 | AB54: 3 | AC54: 4 | AD54: 2
C55: H | D55: 7 | E55: 2 | F55: 3 | G55: 2 | H55: 2 | I55: 4 | J55: 1 | K55: 0 | L55: 6 | M55: 2 | N55: 2 | O55: 1 | R55: H | S55: 4 | T55: 3 | U55: 2 | V55: 3 | W55: 5 | X55: 3 | Y55: 5 | Z55: 5 | AA55: 6 | AB55: 2 | AC55: 4 | AD55: 2
B56: DC16 - D1 30% | D56: 1 | E56: 2 | F56: 3 | G56: 4 | H56: 5 | I56: 6 | J56: 7 | K56: 8 | L56: 9 | M56: 10 | N56: 11 | O56: 12 | Q56: DC13 - D7 5% | S56: 1 | T56: 2 | U56: 3 | V56: 4 | W56: 5 | X56: 6 | Y56: 7 | Z56: 8 | AA56: 9 | AB56: 10 | AC56: 11 | AD56: 12
C57: A | D57: 50 | E57: 44 | F57: 40 | G57: 0 | H57: 2 | I57: 0 | J57: 4 | K57: 0 | L57: 2 | M57: 0 | N57: 5 | O57: 9 | R57: A | S57: 50 | T57: 52 | U57: 51 | V57: 4 | W57: 2 | X57: 4 | Y57: 3 | Z57: 1 | AA57: 2 | AB57: 2 | AC57: 1 | AD57: 3
C58: B | D58: 76 | E58: 77 | F58: 72 | G58: 0 | H58: 0 | I58: 3 | J58: 5 | K58: 3 | L58: 0 | M58: 0 | N58: 0 | O58: 2 | R58: B | S58: 179 | T58: 173 | U58: 166 | V58: 0 | W58: 0 | X58: 4 | Y58: 0 | Z58: 4 | AA58: 1 | AB58: 1 | AC58: 4 | AD58: 3
C59: C | D59: 75 | E59: 75 | F59: 75 | G59: 8 | H59: 1 | I59: 3 | J59: 4 | K59: 7 | L59: 0 | M59: 5 | N59: 3 | O59: 6 | R59: C | S59: 120 | T59: 114 | U59: 112 | V59: 3 | W59: 5 | X59: 2 | Y59: 0 | Z59: 4 | AA59: 2 | AB59: 0 | AC59: 1 | AD59: 3
C60: D | D60: 65 | E60: 66 | F60: 64 | G60: 0 | H60: 3 | I60: 4 | J60: 7 | K60: 0 | L60: 3 | M60: 2 | N60: 1 | O60: 0 | R60: D | S60: 127 | T60: 126 | U60: 124 | V60: 6 | W60: 2 | X60: 3 | Y60: 1 | Z60: 4 | AA60: 3 | AB60: 3 | AC60: 2 | AD60: 1
C61: E | D61: 69 | E61: 62 | F61: 65 | G61: 2 | H61: 0 | I61: 2 | J61: 3 | K61: 0 | L61: 0 | M61: 2 | N61: 3 | O61: 5 | R61: E | S61: 112 | T61: 110 | U61: 108 | V61: 1 | W61: 1 | X61: 4 | Y61: 1 | Z61: 2 | AA61: 4 | AB61: 5 | AC61: 6 | AD61: 4
C62: F | D62: 60 | E62: 52 | F62: 61 | G62: 0 | H62: 10 | I62: 2 | J62: 7 | K62: 9 | L62: 2 | M62: 2 | N62: 0 | O62: 3 | R62: F | S62: 4 | T62: 5 | U62: 4 | V62: 4 | W62: 3 | X62: 0 | Y62: 1 | Z62: 2 | AA62: 0 | AB62: 3 | AC62: 6 | AD62: 6
C63: G | D63: 3 | E63: 0 | F63: 0 | G63: 2 | H63: 6 | I63: 5 | J63: 0 | K63: 0 | L63: 6 | M63: 0 | N63: 3 | O63: 2 | R63: G | S63: 2 | T63: 4 | U63: 3 | V63: 5 | W63: 4 | X63: 4 | Y63: 2 | Z63: 2 | AA63: 1 | AB63: 0 | AC63: 1 | AD63: 3
C64: H | D64: 3 | E64: 2 | F64: 6 | G64: 4 | H64: 2 | I64: 2 | J64: 0 | K64: 0 | L64: 2 | M64: 5 | N64: 8 | O64: 2 | R64: H | S64: 0 | T64: 1 | U64: 4 | V64: 1 | W64: 3 | X64: 4 | Y64: 1 | Z64: 2 | AA64: 2 | AB64: 3 | AC64: 3 | AD64: 1
B65: DC15 - D7 15% | D65: 1 | E65: 2 | F65: 3 | G65: 4 | H65: 5 | I65: 6 | J65: 7 | K65: 8 | L65: 9 | M65: 10 | N65: 11 | O65: 12 | Q65: DC21 - D7 15% | S65: 1 | T65: 2 | U65: 3 | V65: 4 | W65: 5 | X65: 6 | Y65: 7 | Z65: 8 | AA65: 9 | AB65: 10 | AC65: 11 | AD65: 12
C66: A | D66: 40 | E66: 40 | F66: 44 | G66: 6 | H66: 0 | I66: 9 | J66: 2 | K66: 2 | L66: 2 | M66: 4 | N66: 4 | O66: 2 | R66: A | S66: 51 | T66: 53 | U66: 55 | V66: 4 | W66: 1 | X66: 5 | Y66: 4 | Z66: 9 | AA66: 6 | AB66: 7 | AC66: 3 | AD66: 10
C67: B | D67: 39 | E67: 39 | F67: 38 | G67: 3 | H67: 1 | I67: 3 | J67: 2 | K67: 3 | L67: 2 | M67: 3 | N67: 3 | O67: 4 | R67: B | S67: 69 | T67: 68 | U67: 65 | V67: 0 | W67: 8 | X67: 7 | Y67: 0 | Z67: 5 | AA67: 2 | AB67: 2 | AC67: 2 | AD67: 0
C68: C | D68: 64 | E68: 66 | F68: 64 | G68: 2 | H68: 2 | I68: 1 | J68: 4 | K68: 3 | L68: 3 | M68: 0 | N68: 2 | O68: 3 | R68: C | S68: 115 | T68: 111 | U68: 117 | V68: 5 | W68: 3 | X68: 7 | Y68: 4 | Z68: 7 | AA68: 0 | AB68: 2 | AC68: 0 | AD68: 5
C69: D | D69: 57 | E69: 56 | F69: 56 | G69: 1 | H69: 2 | I69: 1 | J69: 1 | K69: 0 | L69: 2 | M69: 1 | N69: 0 | O69: 3 | R69: D | S69: 119 | T69: 119 | U69: 114 | V69: 7 | W69: 12 | X69: 1 | Y69: 6 | Z69: 3 | AA69: 7 | AB69: 0 | AC69: 8 | AD69: 2
C70: E | D70: 42 | E70: 40 | F70: 38 | G70: 4 | H70: 5 | I70: 3 | J70: 1 | K70: 5 | L70: 5 | M70: 3 | N70: 1 | O70: 2 | R70: E | S70: 114 | T70: 109 | U70: 112 | V70: 7 | W70: 5 | X70: 4 | Y70: 5 | Z70: 8 | AA70: 0 | AB70: 0 | AC70: 3 | AD70: 5
C71: F | D71: 129 | E71: 122 | F71: 122 | G71: 4 | H71: 3 | I71: 6 | J71: 2 | K71: 3 | L71: 2 | M71: 3 | N71: 0 | O71: 2 | R71: F | S71: 126 | T71: 120 | U71: 132 | V71: 1 | W71: 9 | X71: 4 | Y71: 0 | Z71: 2 | AA71: 2 | AB71: 2 | AC71: 0 | AD71: 3
C72: G | D72: 3 | E72: 3 | F72: 4 | G72: 1 | H72: 5 | I72: 2 | J72: 2 | K72: 5 | L72: 1 | M72: 0 | N72: 2 | O72: 4 | R72: G | S72: 60 | T72: 68 | U72: 56 | V72: 6 | W72: 1 | X72: 1 | Y72: 5 | Z72: 7 | AA72: 0 | AB72: 4 | AC72: 1 | AD72: 2
C73: H | D73: 1 | E73: 1 | F73: 4 | G73: 3 | H73: 5 | I73: 6 | J73: 0 | K73: 1 | L73: 3 | M73: 3 | N73: 3 | O73: 1 | R73: H | S73: 8 | T73: 2 | U73: 1 | V73: 0 | W73: 1 | X73: 0 | Y73: 1 | Z73: 0 | AA73: 4 | AB73: 4 | AC73: 10 | AD73: 2
B74: DC16 - D7 30% | D74: 1 | E74: 2 | F74: 3 | G74: 4 | H74: 5 | I74: 6 | J74: 7 | K74: 8 | L74: 9 | M74: 10 | N74: 11 | O74: 12 | Q74: DC22 D1 50% | S74: 1 | T74: 2 | U74: 3 | V74: 4 | W74: 5 | X74: 6 | Y74: 7 | Z74: 8 | AA74: 9 | AB74: 10 | AC74: 11 | AD74: 12
C75: A | D75: 54 | E75: 54 | F75: 59 | G75: 3 | H75: 8 | I75: 5 | J75: 2 | K75: 0 | L75: 7 | M75: 5 | N75: 3 | O75: 3 | R75: A | S75: 50 | T75: 51 | U75: 51 | V75: 3 | W75: 1 | X75: 2 | Y75: 3 | Z75: 0 | AA75: 7 | AB75: 1 | AC75: 1 | AD75: 4
C76: B | D76: 108 | E76: 109 | F76: 113 | G76: 0 | H76: 4 | I76: 5 | J76: 1 | K76: 7 | L76: 3 | M76: 2 | N76: 4 | O76: 3 | R76: B | S76: 64 | T76: 65 | U76: 62 | V76: 4 | W76: 1 | X76: 1 | Y76: 0 | Z76: 2 | AA76: 2 | AB76: 2 | AC76: 0 | AD76: 4
C77: C | D77: 106 | E77: 108 | F77: 108 | G77: 0 | H77: 3 | I77: 6 | J77: 5 | K77: 2 | L77: 0 | M77: 4 | N77: 3 | O77: 4 | R77: C | S77: 73 | T77: 71 | U77: 74 | V77: 3 | W77: 1 | X77: 4 | Y77: 3 | Z77: 0 | AA77: 2 | AB77: 5 | AC77: 2 | AD77: 3
C78: D | D78: 112 | E78: 113 | F78: 111 | G78: 2 | H78: 4 | I78: 0 | J78: 5 | K78: 5 | L78: 1 | M78: 1 | N78: 4 | O78: 1 | R78: D | S78: 70 | T78: 71 | U78: 65 | V78: 2 | W78: 1 | X78: 5 | Y78: 3 | Z78: 3 | AA78: 5 | AB78: 0 | AC78: 3 | AD78: 1
C79: E | D79: 145 | E79: 148 | F79: 137 | G79: 4 | H79: 4 | I79: 6 | J79: 2 | K79: 2 | L79: 7 | M79: 2 | N79: 1 | O79: 2 | R79: E | S79: 68 | T79: 66 | U79: 65 | V79: 0 | W79: 2 | X79: 0 | Y79: 3 | Z79: 3 | AA79: 1 | AB79: 4 | AC79: 3 | AD79: 4
C80: F | D80: 105 | E80: 105 | F80: 103 | G80: 4 | H80: 0 | I80: 6 | J80: 4 | K80: 3 | L80: 3 | M80: 2 | N80: 2 | O80: 4 | R80: F | S80: 87 | T80: 80 | U80: 74 | V80: 4 | W80: 2 | X80: 6 | Y80: 1 | Z80: 4 | AA80: 1 | AB80: 8 | AC80: 3 | AD80: 0
C81: G | D81: 3 | E81: 3 | F81: 3 | G81: 5 | H81: 5 | I81: 0 | J81: 5 | K81: 3 | L81: 3 | M81: 3 | N81: 3 | O81: 2 | R81: G | S81: 4 | T81: 6 | U81: 8 | V81: 7 | W81: 3 | X81: 4 | Y81: 4 | Z81: 4 | AA81: 2 | AB81: 1 | AC81: 2 | AD81: 7
C82: H | D82: 1 | E82: 0 | F82: 2 | G82: 0 | H82: 0 | I82: 3 | J82: 4 | K82: 3 | L82: 3 | M82: 3 | N82: 4 | O82: 3 | R82: H | S82: 3 | T82: 0 | U82: 2 | V82: 4 | W82: 7 | X82: 2 | Y82: 3 | Z82: 3 | AA82: 4 | AB82: 1 | AC82: 3 | AD82: 4
B83: DC17 - D1 50% | D83: 1 | E83: 2 | F83: 3 | G83: 4 | H83: 5 | I83: 6 | J83: 7 | K83: 8 | L83: 9 | M83: 10 | N83: 11 | O83: 12 | Q83: DC22 D7 50 % | S83: 1 | T83: 2 | U83: 3 | V83: 4 | W83: 5 | X83: 6 | Y83: 7 | Z83: 8 | AA83: 9 | AB83: 10 | AC83: 11 | AD83: 12
C84: A | D84: 23 | E84: 31 | F84: 28 | G84: 3 | H84: 3 | I84: 2 | J84: 5 | K84: 3 | L84: 2 | M84: 0 | N84: 4 | O84: 4 | R84: A | S84: 55 | T84: 56 | U84: 54 | V84: 5 | W84: 5 | X84: 2 | Y84: 2 | Z84: 2 | AA84: 1 | AB84: 1 | AC84: 1 | AD84: 0
C85: B | D85: 60 | E85: 61 | F85: 64 | G85: 4 | H85: 1 | I85: 4 | J85: 2 | K85: 3 | L85: 5 | M85: 2 | N85: 2 | O85: 3 | R85: B | S85: 180 | T85: 167 | U85: 165 | V85: 4 | W85: 1 | X85: 2 | Y85: 2 | Z85: 2 | AA85: 0 | AB85: 2 | AC85: 3 | AD85: 3
C86: C | D86: 53 | E86: 56 | F86: 57 | G86: 0 | H86: 3 | I86: 4 | J86: 2 | K86: 4 | L86: 2 | M86: 1 | N86: 1 | O86: 2 | R86: C | S86: 186 | T86: 181 | U86: 179 | V86: 2 | W86: 2 | X86: 2 | Y86: 1 | Z86: 4 | AA86: 3 | AB86: 0 | AC86: 1 | AD86: 1
C87: D | D87: 44 | E87: 45 | F87: 42 | G87: 2 | H87: 3 | I87: 4 | J87: 2 | K87: 3 | L87: 2 | M87: 4 | N87: 2 | O87: 3 | R87: D | S87: 125 | T87: 136 | U87: 122 | V87: 3 | W87: 2 | X87: 0 | Y87: 3 | Z87: 4 | AA87: 1 | AB87: 3 | AC87: 1 | AD87: 1
C88: E | D88: 35 | E88: 34 | F88: 36 | G88: 4 | H88: 6 | I88: 4 | J88: 5 | K88: 4 | L88: 2 | M88: 3 | N88: 0 | O88: 1 | R88: E | S88: 728 | T88: 728 | U88: 724 | V88: 3 | W88: 2 | X88: 2 | Y88: 2 | Z88: 4 | AA88: 2 | AB88: 0 | AC88: 2 | AD88: 2
C89: F | D89: 40 | E89: 39 | F89: 37 | G89: 1 | H89: 2 | I89: 3 | J89: 0 | K89: 3 | L89: 2 | M89: 4 | N89: 4 | O89: 2 | R89: F | S89: 189 | T89: 182 | U89: 166 | V89: 0 | W89: 4 | X89: 5 | Y89: 2 | Z89: 0 | AA89: 4 | AB89: 1 | AC89: 1 | AD89: 6
C90: G | D90: 1 | E90: 0 | F90: 2 | G90: 5 | H90: 1 | I90: 2 | J90: 3 | K90: 3 | L90: 1 | M90: 1 | N90: 3 | O90: 5 | R90: G | S90: 0 | T90: 2 | U90: 2 | V90: 1 | W90: 1 | X90: 2 | Y90: 2 | Z90: 0 | AA90: 1 | AB90: 4 | AC90: 2 | AD90: 1
C91: H | D91: 1 | E91: 3 | F91: 4 | G91: 2 | H91: 4 | I91: 4 | J91: 3 | K91: 3 | L91: 2 | M91: 3 | N91: 0 | O91: 2 | R91: H | S91: 1 | T91: 1 | U91: 3 | V91: 4 | W91: 4 | X91: 5 | Y91: 2 | Z91: 3 | AA91: 3 | AB91: 2 | AC91: 0 | AD91: 3
B92: DC18 - D7 50% | D92: 1 | E92: 2 | F92: 3 | G92: 4 | H92: 5 | I92: 6 | J92: 7 | K92: 8 | L92: 9 | M92: 10 | N92: 11 | O92: 12 | Q92: DC27 D7 50% | S92: 1 | T92: 2 | U92: 3 | V92: 4 | W92: 5 | X92: 6 | Y92: 7 | Z92: 8 | AA92: 9 | AB92: 10 | AC92: 11 | AD92: 12
C93: A | D93: 53 | E93: 46 | F93: 48 | G93: 3 | H93: 0 | I93: 1 | J93: 4 | K93: 0 | L93: 3 | M93: 2 | N93: 5 | O93: 2 | R93: A | S93: 50 | T93: 47 | U93: 47 | V93: 1 | W93: 5 | X93: 0 | Y93: 4 | Z93: 3 | AA93: 3 | AB93: 4 | AC93: 3 | AD93: 1
C94: B | D94: 82 | E94: 82 | F94: 74 | G94: 2 | H94: 5 | I94: 1 | J94: 1 | K94: 4 | L94: 2 | M94: 4 | N94: 1 | O94: 6 | R94: B | S94: 459 | T94: 445 | U94: 437 | V94: 3 | W94: 2 | X94: 2 | Y94: 0 | Z94: 1 | AA94: 0 | AB94: 2 | AC94: 1 | AD94: 2
C95: C | D95: 84 | E95: 82 | F95: 85 | G95: 3 | H95: 0 | I95: 3 | J95: 3 | K95: 4 | L95: 2 | M95: 7 | N95: 1 | O95: 4 | R95: C | S95: 435 | T95: 638 | U95: 424 | V95: 3 | W95: 2 | X95: 0 | Y95: 4 | Z95: 2 | AA95: 0 | AB95: 3 | AC95: 1 | AD95: 3
C96: D | D96: 97 | E96: 98 | F96: 92 | G96: 0 | H96: 4 | I96: 1 | J96: 0 | K96: 5 | L96: 4 | M96: 0 | N96: 2 | O96: 3 | R96: D | S96: 85 | T96: 88 | U96: 84 | V96: 4 | W96: 3 | X96: 3 | Y96: 5 | Z96: 5 | AA96: 4 | AB96: 2 | AC96: 4 | AD96: 5
C97: E | D97: 78 | E97: 78 | F97: 76 | G97: 2 | H97: 3 | I97: 5 | J97: 2 | K97: 4 | L97: 4 | M97: 1 | N97: 6 | O97: 4 | R97: E | S97: 96 | T97: 92 | U97: 90 | V97: 2 | W97: 5 | X97: 5 | Y97: 6 | Z97: 4 | AA97: 3 | AB97: 4 | AC97: 1 | AD97: 1
C98: F | D98: 96 | E98: 89 | F98: 96 | G98: 1 | H98: 0 | I98: 3 | J98: 0 | K98: 4 | L98: 5 | M98: 1 | N98: 4 | O98: 5 | R98: F | S98: 103 | T98: 99 | U98: 102 | V98: 6 | W98: 2 | X98: 5 | Y98: 6 | Z98: 6 | AA98: 3 | AB98: 3 | AC98: 5 | AD98: 3
C99: G | D99: 87 | E99: 76 | F99: 83 | G99: 2 | H99: 4 | I99: 2 | J99: 1 | K99: 0 | L99: 1 | M99: 5 | N99: 1 | O99: 0 | R99: G | S99: 5 | T99: 3 | U99: 1 | V99: 2 | W99: 2 | X99: 2 | Y99: 3 | Z99: 5 | AA99: 4 | AB99: 6 | AC99: 5 | AD99: 1
C100: H | D100: 2 | E100: 2 | F100: 5 | G100: 3 | H100: 5 | I100: 5 | J100: 3 | K100: 1 | L100: 0 | M100: 5 | N100: 6 | O100: 1 | R100: H | S100: 2 | T100: 0 | U100: 3 | V100: 5 | W100: 2 | X100: 2 | Y100: 0 | Z100: 3 | AA100: 2 | AB100: 4 | AC100: 4 | AD100: 3
...

Sheet Alamar Blue (Analysis)
A1: Table of Contents | B1: 4m 5% | H1: 4m 15% | N1: 4m NC | T1: 24m 5% | Z1: 24m 15% | AF1: 4m 30% | AL1: 4m 50% | AR1: 24m 50%
B2: Timepoint | C2: Experiment | D2: Sample | E2: Raw | F2: Δ | H2: Timepoint | I2: Experiment | J2: Sample | K2: Raw | L2: Δ | N2: Timepoint | O2: Experiment | P2: Sample | Q2: Raw | R2: Δ | T2: Timepoint | U2: Experiment | V2: Sample | W2: Raw | X2: Δ | Z2: Timepoint | AA2: Experiment | AB2: Sample | AC2: Raw | AD2: Δ | AF2: Timepoint | AG2: Experiment | AH2: Sample | AI2: Raw | AJ2: Δ | AL2: Timepoint | AM2: Experiment | AN2: Sample | AO2: Raw | AP2: Δ | AR2: Timepoint | AS2: Experiment | AT2: Sample | AU2: Raw | AV2: Δ
B3: D7 | C3: DC3 | D3: Ctrl | E3: =AVERAGE('Alamar Blue (Raw)'!D3:F3) -> 66.333333 | F3: =E3/$E$3 -> 1 | H3: D7 | I3: DC7 | J3: Ctrl | K3: =AVERAGE('Alamar Blue (Raw)'!D12:F12) -> 56.666667 | L3: =K3/$E$3 -> 0.85427136 | N3: D7 | O3: DC20 | P3: Ctrl | Q3: =AVERAGE('Alamar Blue (Raw)'!D120:F120) -> 48.333333 | R3: =Q3/$Q$3 -> 1 | T3: D7 | U3: DC2 | V3: Ctrl | W3: =AVERAGE('Alamar Blue (Raw)'!S3:U3) -> 64 | X3: =W3/$W$3 -> 1 | Z3: D7 | AA3: DC5 | AB3: Ctrl | AC3: =AVERAGE('Alamar Blue (Raw)'!S21:U21) -> 63.333333 | AD3: =AC3/$AC$3 -> 1 | AF3: D1 | AG3: DC16 | AH3: Ctrl | AI3: =AVERAGE('Alamar Blue (Raw)'!D57:F57) -> 44.666667 | AJ3: =AI3/$AI$3 -> 1 | AL3: D1 | AM3: DC17 | AN3: Ctrl | AO3: =AVERAGE('Alamar Blue (Raw)'!D84:F84) -> 27.333333 | AP3: =AO3/$AO$3 -> 1 | AR3: D1 | AS3: DC22 | AT3: Ctrl | AU3: =AVERAGE('Alamar Blue (Raw)'!S75:U75) -> 50.666667 | AV3: =AU3/$AU$3 -> 1
D4: A | E4: =AVERAGE('Alamar Blue (Raw)'!D4:F4) -> 104.33333 | F4: =E4/$E$3 -> 1.5728643 | J4: A | K4: =AVERAGE('Alamar Blue (Raw)'!D13:F13) -> 209.33333 | L4: =K4/$E$3 -> 3.1557789 | P4: A | Q4: =AVERAGE('Alamar Blue (Raw)'!G121:I121) -> 122.33333 | R4: =Q4/$Q$3 -> 2.5310345 | V4: A | W4: =AVERAGE('Alamar Blue (Raw)'!S4:U4) -> 195 | X4: =W4/$W$3 -> 3.046875 | AB4: A | AC4: =AVERAGE('Alamar Blue (Raw)'!S22:U22) -> 196 | AD4: =AC4/$AC$3 -> 3.0947368 | AH4: A | AI4: =AVERAGE('Alamar Blue (Raw)'!D58:F58) -> 75 | AJ4: =AI4/$AI$3 -> 1.6791045 | AN4: A | AO4: =AVERAGE('Alamar Blue (Raw)'!D85:F85) -> 61.666667 | AP4: =AO4/$AO$3 -> 2.2560976 | AT4: A | AU4: =AVERAGE('Alamar Blue (Raw)'!S76:U76) -> 63.666667 | AV4: =AU4/$AU$3 -> 1.2565789
D5: B | E5: =AVERAGE('Alamar Blue (Raw)'!D5:F5) -> 86 | F5: =E5/$E$3 -> 1.2964824 | J5: B | K5: =AVERAGE('Alamar Blue (Raw)'!D14:F14) -> 208.66667 | L5: =K5/$E$3 -> 3.1457286 | P5: B | Q5: =AVERAGE('Alamar Blue (Raw)'!G122:I122) -> 99.333333 | R5: =Q5/$Q$3 -> 2.0551724 | V5: B | W5: =AVERAGE('Alamar Blue (Raw)'!S5:U5) -> 374 | X5: =W5/$W$3 -> 5.84375 | AB5: B | AC5: =AVERAGE('Alamar Blue (Raw)'!S23:U23) -> 145.33333 | AD5: =AC5/$AC$3 -> 2.2947368 | AH5: B | AI5: =AVERAGE('Alamar Blue (Raw)'!D59:F59) -> 75 | AJ5: =AI5/$AI$3 -> 1.6791045 | AN5: B | AO5: =AVERAGE('Alamar Blue (Raw)'!D86:F86) -> 55.333333 | AP5: =AO5/$AO$3 -> 2.0243902 | AT5: B | AU5: =AVERAGE('Alamar Blue (Raw)'!S77:U77) -> 72.666667 | AV5: =AU5/$AU$3 -> 1.4342105
D6: C | E6: =AVERAGE('Alamar Blue (Raw)'!D6:F6) -> 90.666667 | F6: =E6/$E$3 -> 1.3668342 | J6: C | K6: =AVERAGE('Alamar Blue (Raw)'!D15:F15) -> 135 | L6: =K6/$E$3 -> 2.0351759 | P6: C | Q6: =AVERAGE('Alamar Blue (Raw)'!G123:I123) -> 116 | R6: =Q6/$Q$3 -> 2.4 | V6: C | W6: =AVERAGE('Alamar Blue (Raw)'!S6:U6) -> 138.33333 | X6: =W6/$W$3 -> 2.1614583 | AB6: C | AC6: =AVERAGE('Alamar Blue (Raw)'!S24:U24) -> 55.666667 | AD6: =AC6/$AC$3 -> 0.87894737 | AH6: C | AI6: =AVERAGE('Alamar Blue (Raw)'!D60:F60) -> 65 | AJ6: =AI6/$AI$3 -> 1.4552239 | AN6: C | AO6: =AVERAGE('Alamar Blue (Raw)'!D87:F87) -> 43.666667 | AP6: =AO6/$AO$3 -> 1.597561 | AT6: C | AU6: =AVERAGE('Alamar Blue (Raw)'!S78:U78) -> 68.666667 | AV6: =AU6/$AU$3 -> 1.3552632
D7: D | E7: =AVERAGE('Alamar Blue (Raw)'!D7:F7) -> 91.333333 | F7: =E7/$E$3 -> 1.3768844 | J7: D | K7: =AVERAGE('Alamar Blue (Raw)'!D16:F16) -> 181.66667 | L7: =K7/$E$3 -> 2.7386935 | P7: D | Q7: =AVERAGE('Alamar Blue (Raw)'!G124:I124) -> 98.333333 | R7: =Q7/$Q$3 -> 2.0344828 | V7: Average | X7: =AVERAGE(X4,X6) -> 2.6041667 | AB7: D | AC7: =AVERAGE('Alamar Blue (Raw)'!S25:U25) -> 50.666667 | AD7: =AC7/$AC$3 -> 0.8 | AH7: D | AI7: =AVERAGE('Alamar Blue (Raw)'!D61:F61) -> 65.333333 | AJ7: =AI7/$AI$3 -> 1.4626866 | AN7: D | AO7: =AVERAGE('Alamar Blue (Raw)'!D88:F88) -> 35 | AP7: =AO7/$AO$3 -> 1.2804878 | AT7: D | AU7: =AVERAGE('Alamar Blue (Raw)'!S79:U79) -> 66.333333 | AV7: =AU7/$AU$3 -> 1.3092105
D8: E | E8: =AVERAGE('Alamar Blue (Raw)'!D8:F8) -> 95 | F8: =E8/$E$3 -> 1.4321608 | J8: E | K8: =AVERAGE('Alamar Blue (Raw)'!D17:F17) -> 188.66667 | L8: =K8/$E$3 -> 2.8442211 | P8: E | Q8: =AVERAGE('Alamar Blue (Raw)'!G125:I125) -> 19.333333 | T8: D7 | U8: DC4 | V8: Ctrl | W8: =AVERAGE('Alamar Blue (Raw)'!S12:U12) -> 70 | X8: =W8/$W$8 -> 1 | AB8: E | AC8: =AVERAGE('Alamar Blue (Raw)'!S26:U26) -> 217 | AD8: =AC8/$AC$3 -> 3.4263158 | AH8: E | AI8: =AVERAGE('Alamar Blue (Raw)'!D62:F62) -> 57.666667 | AJ8: =AI8/$AI$3 -> 1.2910448 | AN8: E | AO8: =AVERAGE('Alamar Blue (Raw)'!D89:F89) -> 38.666667 | AP8: =AO8/$AO$3 -> 1.4146341 | AT8: E | AU8: =AVERAGE('Alamar Blue (Raw)'!S80:U80) -> 80.333333 | AV8: =AU8/$AU$3 -> 1.5855263
C9: DC12 | D9: Ctrl | E9: =AVERAGE('Alamar Blue (Raw)'!D48:F48) -> 62 | F9: =E9/$E$9 -> 1 | J9: Ctrl | K9: =AVERAGE('Alamar Blue (Raw)'!D66:F66) -> 41.333333 | L9: =K9/$K$9 -> 1 | P9: Average | R9: =AVERAGE(R4:R7) -> 2.2551724 | V9: A | W9: =AVERAGE('Alamar Blue (Raw)'!S13:U13) -> 195.66667 | X9: =W9/$W$8 -> 2.7952381 | AB9: F | AC9: =AVERAGE('Alamar Blue (Raw)'!S27:U27) -> 154.33333 | AD9: =AC9/$AC$3 -> 2.4368421 | AH9: Average | AJ9: =AVERAGE(AJ4:AJ8) -> 1.5134328 | AN9: Average | AP9: =AVERAGE(AP4:AP8) -> 1.7146341 | AT9: Average | AV9: =AVERAGE(AV4:AV8) -> 1.3881579
D10: A | E10: =AVERAGE('Alamar Blue (Raw)'!D49:F49) -> 284.33333 | F10: =E10/$E$9 -> 4.5860215 | J10: A | K10: =AVERAGE('Alamar Blue (Raw)'!D67:F67) -> 38.666667 | N10: D7 | O10: DC24 | P10: Ctrl | Q10: =AVERAGE('Alamar Blue (Raw)'!D147:F147) -> 35 | R10: =Q10/$Q$10 -> 1 | V10: B | W10: =AVERAGE('Alamar Blue (Raw)'!S14:U14) -> 180.66667 | X10: =W10/$W$8 -> 2.5809524 | AB10: Average | AD10: =AVERAGE(AD4:AD5,AD8:AD9) -> 2.8131579 | AF10: D7 | AG10: DC16 | AH10: Ctrl | AI10: =AVERAGE('Alamar Blue (Raw)'!D75:F75) -> 55.666667 | AJ10: =AI10/$AI$10 -> 1 | AL10: D7 | AM10: DC18 | AN10: Ctrl | AO10: =AVERAGE('Alamar Blue (Raw)'!D93:F93) -> 49 | AP10: =AO10/$AO$10 -> 1 | AR10: D7 | AS10: DC22 | AT10: Ctrl | AU10: =AVERAGE('Alamar Blue (Raw)'!S84:U84) -> 55 | AV10: =AU10/$AU$10 -> 1
D11: B | E11: =AVERAGE('Alamar Blue (Raw)'!D50:F50) -> 488.66667 | F11: =E11/$E$9 -> 7.8817204 | J11: B | K11: =AVERAGE('Alamar Blue (Raw)'!D68:F68) -> 64.666667 | L11: =K11/$K$9 -> 1.5645161 | P11: A | Q11: =AVERAGE('Alamar Blue (Raw)'!G148:I148) -> 66.333333 | R11: =Q11/$Q$10 -> 1.8952381 | V11: C | W11: =AVERAGE('Alamar Blue (Raw)'!S15:U15) -> 189.33333 | X11: =W11/$W$8 -> 2.7047619 | Z11: D1 | AA11: DC10 | AB11: Ctrl | AC11: =AVERAGE('Alamar Blue (Raw)'!S30:U30) -> 54.333333 | AD11: =AC11/$AC$11 -> 1 | AH11: A | AI11: =AVERAGE('Alamar Blue (Raw)'!D76:F76) -> 110 | AJ11: =AI11/$AI$10 -> 1.9760479 | AN11: A | AO11: =AVERAGE('Alamar Blue (Raw)'!D94:F94) -> 79.333333 | AP11: =AO11/$AO$10 -> 1.6190476 | AT11: A | AU11: =AVERAGE('Alamar Blue (Raw)'!S85:U85) -> 170.66667 | AV11: =AU11/$AU$10 -> 3.1030303
D12: C | E12: =AVERAGE('Alamar Blue (Raw)'!D51:F51) -> 90 | F12: =E12/$E$9 -> 1.4516129 | J12: C | K12: =AVERAGE('Alamar Blue (Raw)'!D69:F69) -> 56.333333 | L12: =K12/$K$9 -> 1.3629032 | P12: B | Q12: =AVERAGE('Alamar Blue (Raw)'!G149:I149) -> 56.666667 | R12: =Q12/$Q$10 -> 1.6190476 | V12: D | W12: =AVERAGE('Alamar Blue (Raw)'!S16:U16) -> 194.66667 | X12: =W12/$W$8 -> 2.7809524 | AB12: A | AC12: =AVERAGE('Alamar Blue (Raw)'!S31:U31) -> 86.666667 | AD12: =AC12/$AC$11 -> 1.595092 | AH12: B | AI12: =AVERAGE('Alamar Blue (Raw)'!D77:F77) -> 107.33333 | AJ12: =AI12/$AI$10 -> 1.9281437 | AN12: B | AO12: =AVERAGE('Alamar Blue (Raw)'!D95:F95) -> 83.666667 | AP12: =AO12/$AO$10 -> 1.707483 | AT12: B | AU12: =AVERAGE('Alamar Blue (Raw)'!S86:U86) -> 182 | AV12: =AU12/$AU$10 -> 3.3090909
D13: D | E13: =AVERAGE('Alamar Blue (Raw)'!D52:F52) -> 104.33333 | F13: =E13/$E$9 -> 1.6827957 | J13: D | K13: =AVERAGE('Alamar Blue (Raw)'!D70:F70) -> 40 | P13: C | Q13: =AVERAGE('Alamar Blue (Raw)'!G150:I150) -> 60 | R13: =Q13/$Q$10 -> 1.7142857 | V13: E | W13: =AVERAGE('Alamar Blue (Raw)'!S17:U17) -> 194.33333 | X13: =W13/$W$8 -> 2.7761905 | AB13: B | AC13: =AVERAGE('Alamar Blue (Raw)'!S32:U32) -> 78.666667 | AD13: =AC13/$AC$11 -> 1.4478528 | AH13: C | AI13: =AVERAGE('Alamar Blue (Raw)'!D78:F78) -> 112 | AJ13: =AI13/$AI$10 -> 2.011976 | AN13: C | AO13: =AVERAGE('Alamar Blue (Raw)'!D96:F96) -> 95.666667 | AP13: =AO13/$AO$10 -> 1.952381 | AT13: C | AU13: =AVERAGE('Alamar Blue (Raw)'!S87:U87) -> 127.66667 | AV13: =AU13/$AU$10 -> 2.3212121
D14: E | E14: =AVERAGE('Alamar Blue (Raw)'!D53:F53) -> 84 | F14: =E14/$E$9 -> 1.3548387 | J14: E | K14: =AVERAGE('Alamar Blue (Raw)'!D71:F71) -> 124.33333 | L14: =K14/$K$9 -> 3.0080645 | P14: D | Q14: =AVERAGE('Alamar Blue (Raw)'!G151:I151) -> 79.333333 | R14: =Q14/$Q$10 -> 2.2666667 | V14: Average | X14: =AVERAGE(X9:X13) -> 2.727619 | AB14: C | AC14: =AVERAGE('Alamar Blue (Raw)'!S33:U33) -> 90.666667 | AD14: =AC14/$AC$11 -> 1.6687117 | AH14: D | AI14: =AVERAGE('Alamar Blue (Raw)'!D79:F79) -> 143.33333 | AJ14: =AI14/$AI$10 -> 2.5748503 | AN14: D | AO14: =AVERAGE('Alamar Blue (Raw)'!D97:F97) -> 77.333333 | AP14: =AO14/$AO$10 -> 1.5782313 | AT14: D | AU14: =AVERAGE('Alamar Blue (Raw)'!S88:U88) -> 726.66667
C15: Average | F15: =AVERAGE(F4:F8,F12:F14) -> 1.4418092 | I15: Average | L15: =AVERAGE(L4:L8,L10:L14) -> 2.4818852 | P15: E | Q15: =AVERAGE('Alamar Blue (Raw)'!G152:I152) -> 70.666667 | R15: =Q15/$Q$10 -> 2.0190476 | T15: D1 | U15: DC11 | V15: Ctrl | W15: =AVERAGE('Alamar Blue (Raw)'!S39:U39) -> 61.666667 | X15: =W15/$W$15 -> 1 | AB15: D | AC15: =AVERAGE('Alamar Blue (Raw)'!S34:U34) -> 85.666667 | AD15: =AC15/$AC$11 -> 1.5766871 | AH15: E | AI15: =AVERAGE('Alamar Blue (Raw)'!D80:F80) -> 104.33333 | AJ15: =AI15/$AI$10 -> 1.8742515 | AN15: E | AO15: =AVERAGE('Alamar Blue (Raw)'!D98:F98) -> 93.666667 | AP15: =AO15/$AO$10 -> 1.9115646 | AT15: E | AU15: =AVERAGE('Alamar Blue (Raw)'!S89:U89) -> 179 | AV15: =AU15/$AU$10 -> 3.2545455
B16: D1 | C16: DC9 | D16: Ctrl | E16: =AVERAGE('Alamar Blue (Raw)'!D30:F30) -> 44 | F16: =E16/$E$16 -> 1 | H16: D1 | I16: DC8 | J16: Ctrl | K16: =AVERAGE('Alamar Blue (Raw)'!D21:F21) -> 54.333333 | L16: =K16/$K$16 -> 1 | P16: Average | R16: =AVERAGE(R11:R14) -> 1.8738095 | V16: A | W16: =AVERAGE('Alamar Blue (Raw)'!S40:U40) -> 75 | X16: =W16/$W$15 -> 1.2162162 | AB16: E | AC16: =AVERAGE('Alamar Blue (Raw)'!S35:U35) -> 89.666667 | AD16: =AC16/$AC$11 -> 1.6503067 | AH16: Average | AJ16: =AVERAGE(AJ11:AJ15) -> 2.0730539 | AN16: F | AO16: =AVERAGE('Alamar Blue (Raw)'!D99:F99) -> 82 | AP16: =AO16/$AO$10 -> 1.6734694 | AT16: Average | AV16: =AVERAGE(AV11:AV15) -> 2.9969697
D17: A | E17: =AVERAGE('Alamar Blue (Raw)'!D31:F31) -> 65.666667 | F17: =E17/$E$16 -> 1.4924242 | J17: A | K17: =AVERAGE('Alamar Blue (Raw)'!D22:F22) -> 78.333333 | L17: =K17/$K$16 -> 1.4417178 | V17: B | W17: =AVERAGE('Alamar Blue (Raw)'!S41:U41) -> 78 | X17: =W17/$W$15 -> 1.2648649 | AB17: F | AC17: =AVERAGE('Alamar Blue (Raw)'!S36:U36) -> 72.333333 | AD17: =AC17/$AC$11 -> 1.3312883 | AN17: Average | AP17: =AVERAGE(AP11:AP15) -> 1.7537415 | AR17: D7 | AS17: DC22 | AT17: Ctrl | AU17: =AVERAGE('Alamar Blue (Raw)'!S93:U93) -> 48 | AV17: =AU17/$AU$17 -> 1
D18: B | E18: =AVERAGE('Alamar Blue (Raw)'!D32:F32) -> 61.666667 | F18: =E18/$E$16 -> 1.4015152 | J18: B | K18: =AVERAGE('Alamar Blue (Raw)'!D23:F23) -> 70.333333 | L18: =K18/$K$16 -> 1.2944785 | V18: C | W18: =AVERAGE('Alamar Blue (Raw)'!S42:U42) -> 80 | X18: =W18/$W$15 -> 1.2972973 | AB18: Average | AD18: =AVERAGE(AD12:AD17) -> 1.5449898 | AL18: D1-1hr | AM18: DC19 | AN18: Ctrl | AO18: =AVERAGE('Alamar Blue (Raw)'!D102:F102) -> 49.666667 | AP18: =AO18/$AO$18 -> 1 | AT18: A | AU18: =AVERAGE('Alamar Blue (Raw)'!S94:U94) -> 447 | AV18: =AU18/$AU$17 -> 9.3125
D19: C | E19: =AVERAGE('Alamar Blue (Raw)'!D33:F33) -> 59.333333 | F19: =E19/$E$16 -> 1.3484848 | J19: C | K19: =AVERAGE('Alamar Blue (Raw)'!D24:F24) -> 73.333333 | L19: =K19/$K$16 -> 1.3496933 | V19: D | W19: =AVERAGE('Alamar Blue (Raw)'!S43:U43) -> 75.333333 | X19: =W19/$W$15 -> 1.2216216 | Z19: D7 | AA19: DC21 | AB19: Ctrl | AC19: =AVERAGE('Alamar Blue (Raw)'!S66:U66) -> 53 | AD19: =AC19/$AC$19 -> 1 | AN19: A | AO19: =AVERAGE('Alamar Blue (Raw)'!D103:F103) -> 72.666667 | AP19: =AO19/$AO$18 -> 1.4630872 | AT19: B | AU19: =AVERAGE('Alamar Blue (Raw)'!S95:U95) -> 499 | AV19: =AU19/$AU$17 -> 10.395833
D20: D | E20: =AVERAGE('Alamar Blue (Raw)'!D34:F34) -> 68.666667 | F20: =E20/$E$16 -> 1.5606061 | J20: D | K20: =AVERAGE('Alamar Blue (Raw)'!D25:F25) -> 95 | L20: =K20/$K$16 -> 1.7484663 | V20: E | W20: =AVERAGE('Alamar Blue (Raw)'!S44:U44) -> 80 | X20: =W20/$W$15 -> 1.2972973 | AB20: A | AC20: =AVERAGE('Alamar Blue (Raw)'!S67:U67) -> 67.333333 | AD20: =AC20/$AC$19 -> 1.2704403 | AN20: B | AO20: =AVERAGE('Alamar Blue (Raw)'!D104:F104) -> 84.666667 | AP20: =AO20/$AO$18 -> 1.704698 | AT20: C | AU20: =AVERAGE('Alamar Blue (Raw)'!S96:U96) -> 85.666667 | AV20: =AU20/$AU$17 -> 1.7847222
D21: E | E21: =AVERAGE('Alamar Blue (Raw)'!D35:F35) -> 66.666667 | F21: =E21/$E$16 -> 1.5151515 | J21: E | K21: =AVERAGE('Alamar Blue (Raw)'!D26:F26) -> 73.333333 | L21: =K21/$K$16 -> 1.3496933 | V21: F | W21: =AVERAGE('Alamar Blue (Raw)'!S45:U45) -> 77.333333 | X21: =W21/$W$15 -> 1.2540541 | AB21: B | AC21: =AVERAGE('Alamar Blue (Raw)'!S68:U68) -> 114.33333 | AD21: =AC21/$AC$19 -> 2.1572327 | AN21: C | AO21: =AVERAGE('Alamar Blue (Raw)'!D105:F105) -> 76 | AP21: =AO21/$AO$18 -> 1.5302013 | AT21: D | AU21: =AVERAGE('Alamar Blue (Raw)'!S97:U97) -> 92.666667 | AV21: =AU21/$AU$17 -> 1.9305556
D22: F | E22: =AVERAGE('Alamar Blue (Raw)'!D36:F36) -> 62 | F22: =E22/$E$16 -> 1.4090909 | J22: F | K22: =AVERAGE('Alamar Blue (Raw)'!D27:F27) -> 86.666667 | L22: =K22/$K$16 -> 1.595092 | V22: Average | X22: =AVERAGE(X16:X21) -> 1.2585586 | AB22: C | AC22: =AVERAGE('Alamar Blue (Raw)'!S69:U69) -> 117.33333 | AD22: =AC22/$AC$19 -> 2.2138365 | AN22: D | AO22: =AVERAGE('Alamar Blue (Raw)'!D106:F106) -> 74.333333 | AP22: =AO22/$AO$18 -> 1.4966443 | AT22: E | AU22: =AVERAGE('Alamar Blue (Raw)'!S98:U98) -> 101.33333 | AV22: =AU22/$AU$17 -> 2.1111111
C23: DC12 | D23: Ctrl | E23: =AVERAGE('Alamar Blue (Raw)'!D39:F39) -> 64 | F23: =E23/$E$23 -> 1 | J23: Average | L23: =AVERAGE(L17:L22) -> 1.4631902 | T23: D1 | U23: DC13 | V23: Ctrl | W23: =AVERAGE('Alamar Blue (Raw)'!S48:U48) -> 59.666667 | X23: =W23/$W$23 -> 1 | AB23: D | AC23: =AVERAGE('Alamar Blue (Raw)'!S70:U70) -> 111.66667 | AD23: =AC23/$AC$19 -> 2.1069182 | AN23: E | AO23: =AVERAGE('Alamar Blue (Raw)'!D107:F107) -> 67.666667 | AP23: =AO23/$AO$18 -> 1.3624161 | AT23: Average | AV23: =AVERAGE(AV20:AV21) -> 1.8576389
D24: A | E24: =AVERAGE('Alamar Blue (Raw)'!D40:F40) -> 89 | F24: =E24/$E$23 -> 1.390625 | H24: D7 | I24: DC20 | J24: Ctrl | K24: =AVERAGE('Alamar Blue (Raw)'!D120:F120) -> 48.333333 | L24: =K24/$K$24 -> 1 | V24: A | W24: =AVERAGE('Alamar Blue (Raw)'!S49:U49) -> 75 | X24: =W24/$W$23 -> 1.2569832 | AB24: E | AC24: =AVERAGE('Alamar Blue (Raw)'!S71:U71) -> 126 | AD24: =AC24/$AC$19 -> 2.3773585 | AN24: Average | AP24: =AVERAGE(AP19:AP23) -> 1.5114094 | AR24: D7-1hr | AS24: DC31 | AT24: Ctrl | AU24: =AVERAGE('Alamar Blue (Raw)'!S102:U102) -> 39.666667 | AV24: =AU24/$AU$24 -> 1
D25: B | E25: =AVERAGE('Alamar Blue (Raw)'!D41:F41) -> 74 | F25: =E25/$E$23 -> 1.15625 | J25: A | K25: =AVERAGE('Alamar Blue (Raw)'!D121:F121) -> 126.33333 | L25: =K25/$K$24 -> 2.6137931 | V25: B | W25: =AVERAGE('Alamar Blue (Raw)'!S50:U50) -> 83 | X25: =W25/$W$23 -> 1.3910615 | AB25: F | AC25: =AVERAGE('Alamar Blue (Raw)'!S72:U72) -> 61.333333 | AD25: =AC25/$AC$19 -> 1.1572327 | AL25: D7-1hr | AM25: DC19 | AN25: Ctrl | AO25: =AVERAGE('Alamar Blue (Raw)'!D111:F111) -> 41.666667 | AP25: =AO25/$AO$25 -> 1 | AT25: A | AU25: =AVERAGE('Alamar Blue (Raw)'!S103:U103) -> 74.666667 | AV25: =AU25/$AU$24 -> 1.8823529
D26: C | E26: =AVERAGE('Alamar Blue (Raw)'!D42:F42) -> 75.333333 | F26: =E26/$E$23 -> 1.1770833 | J26: B | K26: =AVERAGE('Alamar Blue (Raw)'!D122:F122) -> 126 | L26: =K26/$K$24 -> 2.6068966 | V26: C | W26: =AVERAGE('Alamar Blue (Raw)'!S51:U51) -> 68.333333 | X26: =W26/$W$23 -> 1.1452514 | AB26: Average | AD26: =AVERAGE(AD20:AD21,AD24:AD25) -> 1.740566 | AN26: A | AO26: =AVERAGE('Alamar Blue (Raw)'!D112:F112) -> 92 | AP26: =AO26/$AO$25 -> 2.208 | AT26: B | AU26: =AVERAGE('Alamar Blue (Raw)'!S104:U104) -> 81.333333 | AV26: =AU26/$AU$24 -> 2.0504202
D27: D | E27: =AVERAGE('Alamar Blue (Raw)'!D43:F43) -> 73 | F27: =E27/$E$23 -> 1.140625 | J27: C | K27: =AVERAGE('Alamar Blue (Raw)'!D123:F123) -> 123.66667 | L27: =K27/$K$24 -> 2.5586207 | V27: D | W27: =AVERAGE('Alamar Blue (Raw)'!S52:U52) -> 75.666667 | X27: =W27/$W$23 -> 1.2681564 | AN27: B | AO27: =AVERAGE('Alamar Blue (Raw)'!D113:F113) -> 82.333333 | AP27: =AO27/$AO$25 -> 1.976 | AT27: C | AU27: =AVERAGE('Alamar Blue (Raw)'!S105:U105) -> 70.666667 | AV27: =AU27/$AU$24 -> 1.7815126
D28: E | E28: =AVERAGE('Alamar Blue (Raw)'!D44:F44) -> 68 | F28: =E28/$E$23 -> 1.0625 | J28: D | K28: =AVERAGE('Alamar Blue (Raw)'!D124:F124) -> 115.66667 | L28: =K28/$K$24 -> 2.3931034 | V28: E | W28: =AVERAGE('Alamar Blue (Raw)'!S53:U53) -> 73.333333 | X28: =W28/$W$23 -> 1.2290503 | AN28: C | AO28: =AVERAGE('Alamar Blue (Raw)'!D114:F114) -> 208.66667 | AT28: D | AU28: =AVERAGE('Alamar Blue (Raw)'!S106:U106) -> 77 | AV28: =AU28/$AU$24 -> 1.9411765
C29: Average | F29: =AVERAGE(F17:F22,F24:F28) -> 1.3322142 | J29: Average | L29: =AVERAGE(L25:L28) -> 2.5431034 | V29: Average | X29: =AVERAGE(X24:X28) -> 1.2581006 | AN29: D | AO29: =AVERAGE('Alamar Blue (Raw)'!D115:F115) -> 82.333333 | AP29: =AO29/$AO$25 -> 1.976 | AT29: E | AU29: =AVERAGE('Alamar Blue (Raw)'!S107:U107) -> 81.666667 | AV29: =AU29/$AU$24 -> 2.0588235
H30: D7 | I30: DC24 | J30: Ctrl | K30: =AVERAGE('Alamar Blue (Raw)'!D147:F147) -> 35 | L30: =K30/$K$30 -> 1 | T30: D7 | U30: DC13 | V30: Ctrl | W30: =AVERAGE('Alamar Blue (Raw)'!S57:U57) -> 51 | X30: =W30/$W$30 -> 1 | AN30: E | AO30: =AVERAGE('Alamar Blue (Raw)'!D116:F116) -> 89 | AP30: =AO30/$AO$25 -> 2.136 | AT30: F | AU30: =AVERAGE('Alamar Blue (Raw)'!S108:U108) -> 70.666667 | AV30: =AU30/$AU$24 -> 1.7815126
J31: A | K31: =AVERAGE('Alamar Blue (Raw)'!D148:F148) -> 51 | L31: =K31/$K$30 -> 1.4571429 | V31: A | W31: =AVERAGE('Alamar Blue (Raw)'!S58:U58) -> 172.66667 | X31: =W31/$W$30 -> 3.3856209 | AN31: Average | AP31: =AVERAGE(AP26:AP30) -> 2.074 | AT31: G | AU31: =AVERAGE('Alamar Blue (Raw)'!S109:U109) -> 136 | AV31: =AU31/$AU$24 -> 3.4285714
J32: B | K32: =AVERAGE('Alamar Blue (Raw)'!D149:F149) -> 63.666667 | L32: =K32/$K$30 -> 1.8190476 | V32: B | W32: =AVERAGE('Alamar Blue (Raw)'!S59:U59) -> 115.33333 | X32: =W32/$W$30 -> 2.2614379 | AL32: D1-1hr | AM32: DC23 | AN32: Ctrl | AO32: =AVERAGE('Alamar Blue (Raw)'!D129:F129) -> 16.333333 | AP32: =AO32/$AO$32 -> 1 | AT32: H | AU32: =AVERAGE('Alamar Blue (Raw)'!V103:X103) -> 101.66667 | AV32: =AU32/$AU$24 -> 2.5630252
J33: C | K33: =AVERAGE('Alamar Blue (Raw)'!D150:F150) -> 69 | L33: =K33/$K$30 -> 1.9714286 | V33: C | W33: =AVERAGE('Alamar Blue (Raw)'!S60:U60) -> 125.66667 | X33: =W33/$W$30 -> 2.4640523 | AN33: A | AO33: =AVERAGE('Alamar Blue (Raw)'!D130:F130) -> 23 | AP33: =AO33/$AO$32 -> 1.4081633 | AT33: I | AU33: =AVERAGE('Alamar Blue (Raw)'!V104:X104) -> 200.66667
J34: D | V34: D | W34: =AVERAGE('Alamar Blue (Raw)'!S61:U61) -> 110 | X34: =W34/$W$30 -> 2.1568627 | AN34: B | AO34: =AVERAGE('Alamar Blue (Raw)'!D131:F131) -> 27.666667 | AP34: =AO34/$AO$32 -> 1.6938776 | AT34: J | AU34: =AVERAGE('Alamar Blue (Raw)'!V105:X105) -> 63.666667 | AV34: =AU34/$AU$24 -> 1.605042
J35: Average | L35: =AVERAGE(L31:L34) -> 1.7492063 | V35: Average | X35: =AVERAGE(X31:X34) -> 2.5669935 | AN35: C | AO35: =AVERAGE('Alamar Blue (Raw)'!D132:F132) -> 25 | AP35: =AO35/$AO$32 -> 1.5306122 | AT35: Average | AV35: =AVERAGE(AV25:AV34) -> 2.1213819
AN36: D | AO36: =AVERAGE('Alamar Blue (Raw)'!D133:F133) -> 21.666667 | AP36: =AO36/$AO$32 -> 1.3265306
AN37: E | AO37: =AVERAGE('Alamar Blue (Raw)'!D134:F134) -> 24 | AP37: =AO37/$AO$32 -> 1.4693878
AN38: Average | AP38: =AVERAGE(AP33:AP37) -> 1.4857143
AL39: D7-1hr | AM39: DC23 | AN39: Ctrl | AO39: =AVERAGE('Alamar Blue (Raw)'!D138:F138) -> 48.666667 | AP39: =AO39/$AO$39 -> 1
AN40: A | AO40: =AVERAGE('Alamar Blue (Raw)'!D139:F139) -> 62.333333 | AP40: =AO40/$AO$39 -> 1.2808219
AN41: B | AO41: =AVERAGE('Alamar Blue (Raw)'!D140:F140) -> 49 | AP41: =AO41/$AO$39 -> 1.0068493
AN42: C | AO42: =AVERAGE('Alamar Blue (Raw)'!D141:F141) -> 48.666667 | AP42: =AO42/$AO$39 -> 1
AN43: D | AO43: =AVERAGE('Alamar Blue (Raw)'!D142:F142) -> 43.666667 | AP43: =AO43/$AO$39 -> 0.89726027
AN44: E | AO44: =AVERAGE('Alamar Blue (Raw)'!D143:F143) -> 47 | AP44: =AO44/$AO$39 -> 0.96575342
AN45: Average | AP45: =AVERAGE(AP40:AP44) -> 1.030137
AL46: D7 - 1hr | AM46: DC26 | AN46: Ctrl | AO46: =AVERAGE('Alamar Blue (Raw)'!D156:F156) -> 50.666667 | AP46: =AO46/$AO$46 -> 1
AN47: A | AO47: =AVERAGE('Alamar Blue (Raw)'!D157:F157) -> 112.33333 | AP47: =AO47/$AO$46 -> 2.2171053
AN48: B | AO48: =AVERAGE('Alamar Blue (Raw)'!D158:F158) -> 119 | AP48: =AO48/$AO$46 -> 2.3486842
AN49: C | AO49: =AVERAGE('Alamar Blue (Raw)'!D159:F159) -> 114.33333 | AP49: =AO49/$AO$46 -> 2.2565789
AN50: D | AO50: =AVERAGE('Alamar Blue (Raw)'!D160:F160) -> 145 | AP50: =AO50/$AO$46 -> 2.8618421
AN51: E | AO51: =AVERAGE('Alamar Blue (Raw)'!D161:F161) -> 107.33333 | AP51: =AO51/$AO$46 -> 2.1184211
AN52: F | AO52: =AVERAGE('Alamar Blue (Raw)'!G157:I157) -> 123.66667 | AP52: =AO52/$AO$46 -> 2.4407895
AN53: G | AO53: =AVERAGE('Alamar Blue (Raw)'!G158:I158) -> 347.33333
AN54: H | AO54: =AVERAGE('Alamar Blue (Raw)'!G159:I159) -> 110.33333 | AP54: =AO54/$AO$46 -> 2.1776316
AN55: I | AO55: =AVERAGE('Alamar Blue (Raw)'!G160:I160) -> 102.33333 | AP55: =AO55/$AO$46 -> 2.0197368
AN56: J | AO56: =AVERAGE('Alamar Blue (Raw)'!G161:I161) -> 87 | AP56: =AO56/$AO$46 -> 1.7171053
AN57: Average | AP57: =AVERAGE(AP47:AP56) -> 2.2397661

Sheet PicoGreen
B1: DC2 DC3 DC4 DC5 | Q1: DC7 DC8 DC9 DC10 | AF1: DC10 DC11 | AU1: DC10 DC11 | BX1: Table of Contents | FZ1: DC40
B2: Raw Values | D2: 1 | E2: 2 | F2: 3 | G2: 4 | H2: 5 | I2: 6 | J2: 7 | K2: 8 | L2: 9 | M2: 10 | N2: 11 | O2: 12 | Q2: Raw Values | S2: 1 | T2: 2 | U2: 3 | V2: 4 | W2: 5 | X2: 6 | Y2: 7 | Z2: 8 | AA2: 9 | AB2: 10 | AC2: 11 | AD2: 12 | AF2: Raw Values | AH2: 1 | AI2: 2 | AJ2: 3 | AK2: 4 | AL2: 5 | AM2: 6 | AN2: 7 | AO2: 8 | AP2: 9 | AQ2: 10 | AR2: 11 | AS2: 12 | AU2: Raw Values | AW2: 1 | AX2: 2 | AY2: 3 | AZ2: 4 | BA2: 5 | BB2: 6 | BC2: 7 | BD2: 8 | BE2: 9 | BF2: 10 | BG2: 11 | BH2: 12 | BJ2: Raw Values | BL2: 1 | BM2: 2 | BN2: 3 | BO2: 4 | BP2: 5 | BQ2: 6 | BR2: 7 | BS2: 8 | BT2: 9 | BU2: 10 | BV2: 11 | BW2: 12 | BY2: Raw Values | CA2: 1 | CB2: 2 | CC2: 3 | CD2: 4 | CE2: 5 | CF2: 6 | CG2: 7 | CH2: 8 | CI2: 9 | CJ2: 10 | CK2: 11 | CL2: 12 | CN2: Raw Values | CP2: 1 | CQ2: 2 | CR2: 3 | CS2: 4 | CT2: 5 | CU2: 6 | CV2: 7 | CW2: 8 | CX2: 9 | CY2: 10 | CZ2: 11 | DA2: 12 | DC2: Raw Values | DE2: 1 | DF2: 2 | DG2: 3 | DH2: 4 | DI2: 5 | DJ2: 6 | DK2: 7 | DL2: 8 | DM2: 9 | DN2: 10 | DO2: 11 | DP2: 12 | DR2: Raw Values | DT2: 1 | DU2: 2 | DV2: 3 | DW2: 4 | DX2: 5 | DY2: 6 | DZ2: 7 | EA2: 8 | EB2: 9 | EC2: 10 | ED2: 11 | EE2: 12 | EG2: Raw Values | EI2: 1 | EJ2: 2 | EK2: 3 | EL2: 4 | EM2: 5 | EN2: 6 | EO2: 7 | EP2: 8 | EQ2: 9 | ER2: 10 | ES2: 11 | ET2: 12 | EV2: Raw Values | EX2: 1 | EY2: 2 | EZ2: 3 | FA2: 4 | FB2: 5 | FC2: 6 | FD2: 7 | FE2: 8 | FF2: 9 | FG2: 10 | FH2: 11 | FI2: 12 | FK2: Raw Values | FM2: 1 | FN2: 2 | FO2: 3 | FP2: 4 | FQ2: 5 | FR2: 6 | FS2: 7 | FT2: 8 | FU2: 9 | FV2: 10 | FW2: 11 | FX2: 12 | FZ2: Raw Values | GB2: 1 | GC2: 2 | GD2: 3 | GE2: 4 | GF2: 5 | GG2: 6 | GH2: 7 | GI2: 8 | GJ2: 9 | GK2: 10 | GL2: 11 | GM2: 12
C3: A | D3: 2 | E3: 3 | F3: 18 | G3: 18 | H3: 24 | I3: 27 | J3: 25 | K3: 15 | L3: 2 | M3: 4 | N3: 3 | O3: 3 | R3: A | S3: 1 | T3: 3 | U3: 18 | V3: 17 | W3: 67 | X3: 67 | Y3: 63 | Z3: 67 | AA3: 61 | AB3: 63 | AC3: 2 | AD3: 0 | AG3: A | AH3: 3 | AI3: 0 | AJ3: 8 | AK3: 5 | AL3: 36 | AM3: 35 | AN3: 2 | AO3: 1 | AP3: 2 | AQ3: 1 | AR3: 1 | AS3: 0 | AV3: A | AW3: 2 | AX3: 2 | AY3: 54 | AZ3: 53 | BA3: 25 | BB3: 27 | BC3: 29 | BD3: 29 | BE3: 1 | BF3: 3 | BG3: 1 | BH3: 0 | BK3: A | BL3: 3 | BM3: 2 | BN3: 22 | BO3: 16 | BP3: 24 | BQ3: 26 | BR3: 3 | BS3: 2 | BT3: 0 | BU3: 2 | BV3: 2 | BW3: 3 | BZ3: A | CA3: 14 | CB3: 0 | CC3: 46 | CD3: 52 | CE3: 17 | CF3: 18 | CG3: 77 | CH3: 76 | CI3: 42 | CJ3: 42 | CK3: 3 | CL3: 1 | CO3: A | CP3: 5 | CQ3: 2 | CR3: 49 | CS3: 53 | CT3: 33 | CU3: 33 | CV3: 26 | CW3: 31 | CX3: 3 | CY3: 2 | CZ3: 3 | DA3: 1 | DD3: A | DE3: 2 | DF3: 4 | DG3: 71 | DH3: 73 | DI3: 15 | DJ3: 16 | DK3: 10 | DL3: 10 | DM3: 17 | DN3: 17 | DO3: 2 | DP3: 1 | DS3: A | DT3: 2 | DU3: 1 | DV3: 13 | DW3: 13 | DX3: 21 | DY3: 19 | DZ3: 16 | EA3: 16 | EB3: 31 | EC3: 32 | ED3: 15 | EE3: 15 | EH3: A | EI3: 0 | EJ3: 5 | EK3: 37 | EL3: 33 | EM3: 38 | EN3: 41 | EO3: 0 | EP3: 1 | EQ3: 6 | ER3: 4 | ES3: 5 | ET3: 2 | EW3: A | EX3: 2 | EY3: 1 | EZ3: 45 | FA3: 45 | FB3: 54 | FC3: 55 | FD3: 20 | FE3: 22 | FF3: 40 | FG3: 43 | FH3: 3 | FI3: 3 | FL3: A | FM3: 3 | FN3: 1 | FO3: 60 | FP3: 59 | FQ3: 81 | FR3: 81 | FS3: 0 | FT3: 4 | FU3: 4 | FV3: 3 | FW3: 3 | FX3: 0 | GA3: A | GB3: 4 | GC3: 2 | GD3: 29 | GE3: 35 | GF3: 1 | GG3: 1 | GH3: 0 | GI3: 3 | GJ3: 2 | GK3: 1 | GL3: 5 | GM3: 0
C4: B | D4: 30 | E4: 30 | F4: 35 | G4: 54 | H4: 26 | I4: 27 | J4: 17 | K4: 17 | L4: 4 | M4: 3 | N4: 4 | O4: 1 | R4: B | S4: 13 | T4: 12 | U4: 10 | V4: 9 | W4: 71 | X4: 70 | Y4: 85 | Z4: 85 | AA4: 34 | AB4: 35 | AC4: 1 | AD4: 1 | AG4: B | AH4: 19 | AI4: 18 | AJ4: 2 | AK4: 3 | AL4: 40 | AM4: 40 | AN4: 0 | AO4: 2 | AP4: 0 | AQ4: 2 | AR4: 1 | AS4: 2 | AV4: B | AW4: 26 | AX4: 22 | AY4: 98 | AZ4: 98 | BA4: 23 | BB4: 22 | BC4: 43 | BD4: 45 | BE4: 2 | BF4: 0 | BG4: 2 | BH4: 0 | BK4: B | BL4: 23 | BM4: 23 | BN4: 22 | BO4: 22 | BP4: 20 | BQ4: 25 | BR4: 1 | BS4: 3 | BT4: 3 | BU4: 2 | BV4: 2 | BW4: 2 | BZ4: B | CA4: 53 | CB4: 56 | CC4: 76 | CD4: 72 | CE4: 24 | CF4: 31 | CG4: 77 | CH4: 75 | CI4: 29 | CJ4: 30 | CK4: 5 | CL4: 6 | CO4: B | CP4: 21 | CQ4: 21 | CR4: 68 | CS4: 67 | CT4: 39 | CU4: 38 | CV4: 17 | CW4: 18 | CX4: 1 | CY4: 2 | CZ4: 2 | DA4: 1 | DD4: B | DE4: 40 | DF4: 37 | DG4: 87 | DH4: 82 | DI4: 26 | DJ4: 24 | DK4: 6 | DL4: 7 | DM4: 9 | DN4: 9 | DO4: 1 | DP4: 3 | DS4: B | DT4: 30 | DU4: 30 | DV4: 32 | DW4: 32 | DX4: 56 | DY4: 56 | DZ4: 0 | EA4: 2 | EB4: 47 | EC4: 46 | ED4: 10 | EE4: 11 | EH4: B | EI4: 14 | EJ4: 18 | EK4: 35 | EL4: 40 | EM4: 35 | EN4: 35 | EO4: 1 | EP4: 4 | EQ4: 4 | ER4: 5 | ES4: 5 | ET4: 9 | EW4: B | EX4: 24 | EY4: 23 | EZ4: 39 | FA4: 37 | FB4: 44 | FC4: 44 | FD4: 23 | FE4: 22 | FF4: 26 | FG4: 28 | FH4: 5 | FI4: 2 | FL4: B | FM4: 30 | FN4: 29 | FO4: 51 | FP4: 48 | FQ4: 56 | FR4: 55 | FS4: 2 | FT4: 2 | FU4: 0 | FV4: 2 | FW4: 1 | FX4: 6 | GA4: B | GB4: 23 | GC4: 23 | GD4: 22 | GE4: 18 | GF4: 2 | GG4: 2 | GH4: 1 | GI4: 2 | GJ4: 1 | GK4: 0 | GL4: 2 | GM4: 0
C5: C | D5: 58 | E5: 60 | F5: 41 | G5: 45 | H5: 20 | I5: 19 | J5: 11 | K5: 15 | L5: 5 | M5: 3 | N5: 2 | O5: 4 | R5: C | S5: 40 | T5: 41 | U5: 19 | V5: 20 | W5: 78 | X5: 79 | Y5: 70 | Z5: 74 | AA5: 55 | AB5: 54 | AC5: 2 | AD5: 2 | AG5: C | AH5: 25 | AI5: 24 | AJ5: 19 | AK5: 21 | AL5: 26 | AM5: 28 | AN5: 0 | AO5: 1 | AP5: 1 | AQ5: 0 | AR5: 0 | AS5: 0 | AV5: C | AW5: 43 | AX5: 44 | AY5: 64 | AZ5: 65 | BA5: 1 | BB5: 1 | BC5: 28 | BD5: 29 | BE5: 1 | BF5: 3 | BG5: 1 | BH5: 1 | BK5: C | BL5: 40 | BM5: 40 | BN5: 14 | BO5: 16 | BP5: 27 | BQ5: 26 | BR5: 2 | BS5: 1 | BT5: 3 | BU5: 3 | BV5: 2 | BW5: 2 | BZ5: C | CA5: 288 | CB5: 288 | CC5: 63 | CD5: 58 | CE5: 25 | CF5: 29 | CG5: 63 | CH5: 61 | CI5: 34 | CJ5: 32 | CK5: 7 | CL5: 2 | CO5: C | CP5: 37 | CQ5: 37 | CR5: 59 | CS5: 58 | CT5: 42 | CU5: 38 | CV5: 24 | CW5: 24 | CX5: 2 | CY5: 2 | CZ5: 2 | DA5: 1 | DD5: C | DE5: 77 | DF5: 69 | DG5: 65 | DH5: 64 | DI5: 18 | DJ5: 18 | DK5: 8 | DL5: 9 | DM5: 10 | DN5: 9 | DO5: 3 | DP5: 4 | DS5: C | DT5: 37 | DU5: 34 | DV5: 32 | DW5: 30 | DX5: 42 | DY5: 40 | DZ5: 37 | EA5: 37 | EB5: 73 | EC5: 72 | ED5: 15 | EE5: 16 | EH5: C | EI5: 54 | EJ5: 45 | EK5: 40 | EL5: 34 | EM5: 37 | EN5: 26 | EO5: 0 | EP5: 6 | EQ5: 3 | ER5: 3 | ES5: 0 | ET5: 7 | EW5: C | EX5: 46 | EY5: 46 | EZ5: 61 | FA5: 61 | FB5: 38 | FC5: 41 | FD5: 17 | FE5: 19 | FF5: 45 | FG5: 43 | FH5: 2 | FI5: 3 | FL5: C | FM5: 49 | FN5: 54 | FO5: 68 | FP5: 67 | FQ5: 52 | FR5: 52 | FS5: 3 | FT5: 3 | FU5: 0 | FV5: 2 | FW5: 3 | FX5: 2 | GA5: C | GB5: 43 | GC5: 41 | GD5: 31 | GE5: 27 | GF5: 2 | GG5: 0 | GH5: 4 | GI5: 1 | GJ5: 1 | GK5: 1 | GL5: 2 | GM5: 1
C6: D | D6: 116 | E6: 113 | F6: 38 | G6: 34 | H6: 8 | I6: 8 | J6: 15 | K6: 16 | L6: 3 | M6: 4 | N6: 2 | O6: 3 | R6: D | S6: 75 | T6: 74 | U6: 27 | V6: 12 | W6: 61 | X6: 61 | Y6: 75 | Z6: 74 | AA6: 40 | AB6: 42 | AC6: 1 | AD6: 3 | AG6: D | AH6: 64 | AI6: 64 | AJ6: 1 | AK6: 1 | AL6: 37 | AM6: 33 | AN6: 1 | AO6: 1 | AP6: 1 | AQ6: 1 | AR6: 3 | AS6: 0 | AV6: D | AW6: 90 | AX6: 91 | AY6: 47 | AZ6: 54 | BA6: 2 | BB6: 1 | BC6: 28 | BD6: 28 | BE6: 2 | BF6: 2 | BG6: 1 | BH6: 1 | BK6: D | BL6: 88 | BM6: 91 | BN6: 22 | BO6: 21 | BP6: 36 | BQ6: 37 | BR6: 3 | BS6: 3 | BT6: 3 | BU6: 2 | BV6: 3 | BW6: 3 | BZ6: D | CA6: 130 | CB6: 112 | CC6: 55 | CD6: 53 | CE6: 24 | CF6: 24 | CG6: 57 | CH6: 49 | CI6: 51 | CJ6: 48 | CK6: 2 | CL6: 1 | CO6: D | CP6: 65 | CQ6: 72 | CR6: 26 | CS6: 26 | CT6: 25 | CU6: 27 | CV6: 0 | CW6: 1 | CX6: 2 | CY6: 1 | CZ6: 3 | DA6: 1 | DD6: D | DE6: 136 | DF6: 135 | DG6: 60 | DH6: 57 | DI6: 12 | DJ6: 13 | DK6: 9 | DL6: 8 | DM6: 13 | DN6: 12 | DO6: 4 | DP6: 1 | DS6: D | DT6: 91 | DU6: 87 | DV6: 21 | DW6: 19 | DX6: 39 | DY6: 39 | DZ6: 18 | EA6: 18 | EB6: 67 | EC6: 64 | ED6: 4 | EE6: 8 | EH6: D | EI6: 71 | EJ6: 82 | EK6: 44 | EL6: 43 | EM6: 52 | EN6: 51 | EO6: 0 | EP6: 6 | EQ6: 8 | ER6: 1 | ES6: 7 | ET6: 2 | EW6: D | EX6: 90 | EY6: 92 | EZ6: 58 | FA6: 56 | FB6: 39 | FC6: 42 | FD6: 14 | FE6: 15 | FF6: 40 | FG6: 40 | FH6: 1 | FI6: 3 | FL6: D | FM6: 100 | FN6: 99 | FO6: 53 | FP6: 56 | FQ6: 63 | FR6: 56 | FS6: 4 | FT6: 3 | FU6: 1 | FV6: 1 | FW6: 2 | FX6: 0 | GA6: D | GB6: 81 | GC6: 80 | GD6: 16 | GE6: 23 | GF6: 1 | GG6: 1 | GH6: 1 | GI6: 3 | GJ6: 1 | GK6: 0 | GL6: 1 | GM6: 1
C7: E | D7: 240 | E7: 245 | F7: 15 | G7: 15 | H7: 23 | I7: 27 | J7: 2 | K7: 3 | L7: 2 | M7: 3 | N7: 2 | O7: 3 | R7: E | S7: 176 | T7: 179 | U7: 13 | V7: 10 | W7: 47 | X7: 49 | Y7: 53 | Z7: 52 | AA7: 43 | AB7: 43 | AC7: 2 | AD7: 1 | AG7: E | AH7: 123 | AI7: 133 | AJ7: 0 | AK7: 3 | AL7: 37 | AM7: 40 | AN7: 1 | AO7: 1 | AP7: 0 | AQ7: 0 | AR7: 2 | AS7: 3 | AV7: E | AW7: 168 | AX7: 168 | AY7: 62 | AZ7: 65 | BA7: 3 | BB7: 0 | BC7: 31 | BD7: 33 | BE7: 1 | BF7: 2 | BG7: 2 | BH7: 2 | BK7: E | BL7: 112 | BM7: 140 | BN7: 2 | BO7: 4 | BP7: 30 | BQ7: 29 | BR7: 1 | BS7: 3 | BT7: 4 | BU7: 1 | BV7: 2 | BW7: 1 | BZ7: E | CA7: 152 | CB7: 144 | CC7: 61 | CD7: 62 | CE7: 26 | CF7: 24 | CG7: 42 | CH7: 39 | CI7: 37 | CJ7: 34 | CK7: 3 | CL7: 4 | CO7: E | CP7: 162 | CQ7: 165 | CR7: 43 | CS7: 37 | CT7: 23 | CU7: 22 | CV7: 3 | CW7: 3 | CX7: 4 | CY7: 2 | CZ7: 3 | DA7: 3 | DD7: E | DE7: 246 | DF7: 243 | DG7: 61 | DH7: 54 | DI7: 22 | DJ7: 24 | DK7: 18 | DL7: 18 | DM7: 3 | DN7: 3 | DO7: 2 | DP7: 3 | DS7: E | DT7: 133 | DU7: 134 | DV7: 21 | DW7: 21 | DX7: 36 | DY7: 37 | DZ7: 11 | EA7: 11 | EB7: 52 | EC7: 69 | ED7: 8 | EE7: 5 | EH7: E | EI7: 198 | EJ7: 200 | EK7: 49 | EL7: 56 | EM7: 37 | EN7: 40 | EO7: 2 | EP7: 6 | EQ7: 6 | ER7: 1 | ES7: 3 | ET7: 0 | EW7: E | EX7: 182 | EY7: 175 | EZ7: 28 | FA7: 32 | FB7: 40 | FC7: 41 | FD7: 44 | FE7: 43 | FF7: 46 | FG7: 42 | FH7: 2 | FI7: 1 | FL7: E | FM7: 180 | FN7: 181 | FO7: 55 | FP7: 54 | FQ7: 50 | FR7: 48 | FS7: 3 | FT7: 1 | FU7: 2 | FV7: 0 | FW7: 2 | FX7: 5 | GA7: E | GB7: 162 | GC7: 162 | GD7: 1 | GE7: 1 | GF7: 1 | GG7: 0 | GH7: 1 | GI7: 4 | GJ7: 2 | GK7: 0 | GL7: 1 | GM7: 3
C8: F | D8: 237 | E8: 267 | F8: 28 | G8: 23 | H8: 1 | I8: 3 | J8: 1 | K8: 4 | L8: 2 | M8: 4 | N8: 3 | O8: 0 | R8: F | S8: 267 | T8: 262 | U8: 2 | V8: 2 | W8: 40 | X8: 39 | Y8: 53 | Z8: 53 | AA8: 32 | AB8: 33 | AC8: 1 | AD8: 2 | AG8: F | AH8: 135 | AI8: 138 | AJ8: 0 | AK8: 2 | AL8: 0 | AM8: 0 | AN8: 1 | AO8: 0 | AP8: 0 | AQ8: 1 | AR8: 2 | AS8: 0 | AV8: F | AW8: 196 | AX8: 203 | AY8: 1 | AZ8: 1 | BA8: 3 | BB8: 2 | BC8: 1 | BD8: 3 | BE8: 1 | BF8: 2 | BG8: 1 | BH8: 4 | BK8: F | BL8: 186 | BM8: 186 | BN8: 4 | BO8: 2 | BP8: 2 | BQ8: 2 | BR8: 2 | BS8: 1 | BT8: 3 | BU8: 3 | BV8: 2 | BW8: 4 | BZ8: F | CA8: 286 | CB8: 272 | CC8: 4 | CD8: 7 | CE8: 6 | CF8: 3 | CG8: 6 | CH8: 4 | CI8: 5 | CJ8: 3 | CK8: 2 | CL8: 6 | CO8: F | CP8: 202 | CQ8: 204 | CR8: 3 | CS8: 1 | CT8: 19 | CU8: 17 | CV8: 2 | CW8: 1 | CX8: 1 | CY8: 4 | CZ8: 2 | DA8: 2 | DD8: F | DE8: 277 | DF8: 266 | DG8: 3 | DH8: 1 | DI8: 4 | DJ8: 3 | DK8: 2 | DL8: 5 | DM8: 2 | DN8: 3 | DO8: 4 | DP8: 0 | DS8: F | DT8: 374 | DU8: 377 | DV8: 17 | DW8: 21 | DX8: 3 | DY8: 2 | DZ8: 1 | EA8: 2 | EB8: 3 | EC8: 1 | ED8: 2 | EE8: 4 | EH8: F | EI8: 196 | EJ8: 194 | EK8: 2 | EL8: 2 | EM8: 5 | EN8: 0 | EO8: 5 | EP8: 3 | EQ8: 1 | ER8: 4 | ES8: 2 | ET8: 7 | EW8: F | EX8: 205 | EY8: 192 | EZ8: 3 | FA8: 3 | FB8: 1 | FC8: 1 | FD8: 3 | FE8: 2 | FF8: 2 | FG8: 2 | FH8: 2 | FI8: 3 | FL8: F | FM8: 182 | FN8: 199 | FO8: 0 | FP8: 2 | FQ8: 0 | FR8: 3 | FS8: 3 | FT8: 2 | FU8: 0 | FV8: 0 | FW8: 2 | FX8: 2 | GA8: F | GB8: 165 | GC8: 158 | GD8: 2 | GE8: 2 | GF8: 1 | GG8: 3 | GH8: 1 | GI8: 1 | GJ8: 2 | GK8: 2 | GL8: 1 | GM8: 2
C9: G | D9: 3 | E9: 2 | F9: 3 | G9: 5 | H9: 2 | I9: 2 | J9: 1 | K9: 3 | L9: 5 | M9: 2 | N9: 3 | O9: 1 | R9: G | S9: 1 | T9: 0 | U9: 0 | V9: 1 | W9: 3 | X9: 0 | Y9: 2 | Z9: 0 | AA9: 1 | AB9: 2 | AC9: 1 | AD9: 1 | AG9: G | AH9: 1 | AI9: 4 | AJ9: 0 | AK9: 3 | AL9: 2 | AM9: 2 | AN9: 0 | AO9: 2 | AP9: 1 | AQ9: 0 | AR9: 2 | AS9: 2 | AV9: G | AW9: 1 | AX9: 2 | AY9: 4 | AZ9: 2 | BA9: 1 | BB9: 1 | BC9: 2 | BD9: 3 | BE9: 3 | BF9: 2 | BG9: 1 | BH9: 0 | BK9: G | BL9: 4 | BM9: 4 | BN9: 4 | BO9: 3 | BP9: 3 | BQ9: 6 | BR9: 2 | BS9: 2 | BT9: 3 | BU9: 2 | BV9: 3 | BW9: 4 | BZ9: G | CA9: 5 | CB9: 7 | CC9: 4 | CD9: 8 | CE9: 5 | CF9: 7 | CG9: 3 | CH9: 4 | CI9: 5 | CJ9: 3 | CK9: 5 | CL9: 4 | CO9: G | CP9: 2 | CQ9: 4 | CR9: 2 | CS9: 1 | CT9: 2 | CU9: 2 | CV9: 3 | CW9: 2 | CX9: 2 | CY9: 2 | CZ9: 2 | DA9: 2 | DD9: G | DE9: 3 | DF9: 1 | DG9: 3 | DH9: 5 | DI9: 1 | DJ9: 3 | DK9: 2 | DL9: 1 | DM9: 2 | DN9: 2 | DO9: 2 | DP9: 3 | DS9: G | DT9: 3 | DU9: 0 | DV9: 3 | DW9: 1 | DX9: 0 | DY9: 4 | DZ9: 1 | EA9: 2 | EB9: 2 | EC9: 2 | ED9: 1 | EE9: 1 | EH9: G | EI9: 0 | EJ9: 3 | EK9: 3 | EL9: 3 | EM9: 4 | EN9: 2 | EO9: 3 | EP9: 0 | EQ9: 0 | ER9: 5 | ES9: 2 | ET9: 3 | EW9: G | EX9: 3 | EY9: 3 | EZ9: 0 | FA9: 3 | FB9: 2 | FC9: 2 | FD9: 2 | FE9: 0 | FF9: 1 | FG9: 2 | FH9: 1 | FI9: 3 | FL9: G | FM9: 7 | FN9: 0 | FO9: 4 | FP9: 3 | FQ9: 0 | FR9: 4 | FS9: 3 | FT9: 2 | FU9: 0 | FV9: 3 | FW9: 0 | FX9: 2 | GA9: G | GB9: 2 | GC9: 3 | GD9: 2 | GE9: 0 | GF9: 0 | GG9: 2 | GH9: 1 | GI9: 1 | GJ9: 0 | GK9: 3 | GL9: 1 | GM9: 1
C10: H | D10: 1 | E10: 2 | F10: 2 | G10: 2 | H10: 2 | I10: 1 | J10: 0 | K10: 0 | L10: 2 | M10: 3 | N10: 1 | O10: 0 | R10: H | S10: 2 | T10: 2 | U10: 3 | V10: 0 | W10: 1 | X10: 2 | Y10: 1 | Z10: 1 | AA10: 2 | AB10: 1 | AC10: 0 | AD10: 1 | AG10: H | AH10: 0 | AI10: 0 | AJ10: 2 | AK10: 1 | AL10: 2 | AM10: 0 | AN10: 1 | AO10: 1 | AP10: 2 | AQ10: 1 | AR10: 2 | AS10: 4 | AV10: H | AW10: 2 | AX10: 3 | AY10: 2 | AZ10: 3 | BA10: 1 | BB10: 2 | BC10: 1 | BD10: 2 | BE10: 1 | BF10: 3 | BG10: 1 | BH10: 1 | BK10: H | BL10: 3 | BM10: 6 | BN10: 2 | BO10: 3 | BP10: 2 | BQ10: 3 | BR10: 1 | BS10: 3 | BT10: 3 | BU10: 4 | BV10: 2 | BW10: 0 | BZ10: H | CA10: 3 | CB10: 5 | CC10: 3 | CD10: 5 | CE10: 1 | CF10: 4 | CG10: 4 | CH10: 2 | CI10: 0 | CJ10: 5 | CK10: 3 | CL10: 4 | CO10: H | CP10: 0 | CQ10: 0 | CR10: 2 | CS10: 2 | CT10: 2 | CU10: 1 | CV10: 1 | CW10: 1 | CX10: 3 | CY10: 2 | CZ10: 2 | DA10: 1 | DD10: H | DE10: 3 | DF10: 3 | DG10: 3 | DH10: 3 | DI10: 3 | DJ10: 3 | DK10: 1 | DL10: 2 | DM10: 2 | DN10: 3 | DO10: 1 | DP10: 3 | DS10: H | DT10: 0 | DU10: 4 | DV10: 2 | DW10: 3 | DX10: 2 | DY10: 3 | DZ10: 2 | EA10: 0 | EB10: 3 | EC10: 1 | ED10: 2 | EE10: 2 | EH10: H | EI10: 5 | EJ10: 0 | EK10: 6 | EL10: 4 | EM10: 0 | EN10: 1 | EO10: 0 | EP10: 5 | EQ10: 2 | ER10: 2 | ES10: 2 | ET10: 3 | EW10: H | EX10: 1 | EY10: 3 | EZ10: 3 | FA10: 0 | FB10: 2 | FC10: 1 | FD10: 2 | FE10: 3 | FF10: 2 | FG10: 2 | FH10: 4 | FI10: 3 | FL10: H | FM10: 0 | FN10: 1 | FO10: 0 | FP10: 0 | FQ10: 1 | FR10: 1 | FS10: 1 | FT10: 2 | FU10: 3 | FV10: 2 | FW10: 0 | FX10: 0 | GA10: H | GB10: 1 | GC10: 1 | GD10: 2 | GE10: 2 | GF10: 1 | GG10: 3 | GH10: 0 | GI10: 2 | GJ10: 3 | GK10: 2 | GL10: 1 | GM10: 0
B11: Background Average | I11: =AVERAGE(L3:O10,H8:K10,J7:K7,D9:G10) -> 2.4259259 | Q11: Background Average | X11: =AVERAGE(S9:AD10,AC3:AD8) -> 1.2777778 | AF11: Background Average | AM11: =AVERAGE(AH9:AS10,AN3:AS8,AJ8:AM8,AJ6:AK7) -> 1.1176471 | AU11: Background Average | BB11: =AVERAGE(AW9:BH10,AY8:BH8,BA5:BB7,BE3:BH7) -> 1.65 | BJ11: Background Average | BQ11: =AVERAGE(BL9:BW10,BR3:BW8,BP8:BQ8,BN7:BO8) -> 2.5757576 | BY11: Background Average | CF11: =AVERAGE(CA9:CL10,CC8:CL8,CK3:CL7) -> 4.0681818 | CN11: Background Average | CU11: =AVERAGE(CP9:DA10,CX3:DA8,CV6:CW8,CR8:CS8) -> 1.9107143 | DC11: Background Average | DJ11: =AVERAGE(DE9:DP10,DG8:DP8,DO3:DP7) -> 2.4772727 | DR11: Background Average | DY11: =AVERAGE(DT9:EE10,DX8:EE8) -> 1.9375 | EG11: Background Average | EN11: =AVERAGE(EI9:ET10,EK8:ET8,AVERAGE(EO3:ET7)) -> 2.6447619 | EV11: Background Average | FC11: =AVERAGE(EX9:FI10,EZ8:FI8,FH3:FI7) -> 2.1590909 | FK11: Background Average | FR11: =AVERAGE(FM9:FX10,FO8:FX8,FS3:FX7) -> 1.828125 | FZ11: Background Average | GG11: =AVERAGE(GB9:GM10,GD7:GM8,GF3:GM6) -> 1.4342105
B12: Minus Background | D12: 1 | E12: 2 | F12: 3 | G12: 4 | H12: 5 | I12: 6 | J12: 7 | K12: 8 | L12: 9 | M12: 10 | N12: 11 | O12: 12 | Q12: Minus Background | S12: 1 | T12: 2 | U12: 3 | V12: 4 | W12: 5 | X12: 6 | Y12: 7 | Z12: 8 | AA12: 9 | AB12: 10 | AC12: 11 | AD12: 12 | AF12: Minus Background | AH12: 1 | AI12: 2 | AJ12: 3 | AK12: 4 | AL12: 5 | AM12: 6 | AN12: 7 | AO12: 8 | AP12: 9 | AQ12: 10 | AR12: 11 | AS12: 12 | AU12: Minus Background | AW12: 1 | AX12: 2 | AY12: 3 | AZ12: 4 | BA12: 5 | BB12: 6 | BC12: 7 | BD12: 8 | BE12: 9 | BF12: 10 | BG12: 11 | BH12: 12 | BJ12: Minus Background | BL12: 1 | BM12: 2 | BN12: 3 | BO12: 4 | BP12: 5 | BQ12: 6 | BR12: 7 | BS12: 8 | BT12: 9 | BU12: 10 | BV12: 11 | BW12: 12 | BY12: Minus Background | CA12: 1 | CB12: 2 | CC12: 3 | CD12: 4 | CE12: 5 | CF12: 6 | CG12: 7 | CH12: 8 | CI12: 9 | CJ12: 10 | CK12: 11 | CL12: 12 | CN12: Minus Background | CP12: 1 | CQ12: 2 | CR12: 3 | CS12: 4 | CT12: 5 | CU12: 6 | CV12: 7 | CW12: 8 | CX12: 9 | CY12: 10 | CZ12: 11 | DA12: 12 | DC12: Minus Background | DE12: 1 | DF12: 2 | DG12: 3 | DH12: 4 | DI12: 5 | DJ12: 6 | DK12: 7 | DL12: 8 | DM12: 9 | DN12: 10 | DO12: 11 | DP12: 12 | DR12: Minus Background | DT12: 1 | DU12: 2 | DV12: 3 | DW12: 4 | DX12: 5 | DY12: 6 | DZ12: 7 | EA12: 8 | EB12: 9 | EC12: 10 | ED12: 11 | EE12: 12 | EG12: Minus Background | EI12: 1 | EJ12: 2 | EK12: 3 | EL12: 4 | EM12: 5 | EN12: 6 | EO12: 7 | EP12: 8 | EQ12: 9 | ER12: 10 | ES12: 11 | ET12: 12 | EV12: Minus Background | EX12: 1 | EY12: 2 | EZ12: 3 | FA12: 4 | FB12: 5 | FC12: 6 | FD12: 7 | FE12: 8 | FF12: 9 | FG12: 10 | FH12: 11 | FI12: 12 | FK12: Minus Background | FM12: 1 | FN12: 2 | FO12: 3 | FP12: 4 | FQ12: 5 | FR12: 6 | FS12: 7 | FT12: 8 | FU12: 9 | FV12: 10 | FW12: 11 | FX12: 12 | FZ12: Minus Background | GB12: 1 | GC12: 2 | GD12: 3 | GE12: 4 | GF12: 5 | GG12: 6 | GH12: 7 | GI12: 8 | GJ12: 9 | GK12: 10 | GL12: 11 | GM12: 12
C13: A | D13: =D3-$I$11 -> -0.42592593 | E13: =E3-$I$11 -> 0.57407407 | F13: =F3-$I$11 -> 15.574074 | G13: =G3-$I$11 -> 15.574074 | H13: =H3-$I$11 -> 21.574074 | I13: =I3-$I$11 -> 24.574074 | J13: =J3-$I$11 -> 22.574074 | K13: =K3-$I$11 -> 12.574074 | ... O13: =O3-$I$11 -> 0.57407407 | R13: A | S13: =S3-$X$11 -> -0.27777778 | T13: =T3-$X$11 -> 1.7222222 | U13: =U3-$X$11 -> 16.722222 | V13: =V3-$X$11 -> 15.722222 | W13: =W3-$X$11 -> 65.722222 | X13: =X3-$X$11 -> 65.722222 | Y13: =Y3-$X$11 -> 61.722222 | Z13: =Z3-$X$11 -> 65.722222 | ... AD13: =AD3-$X$11 -> -1.2777778 | AG13: A | AH13: =AH3-$AM$11 -> 1.8823529 | AI13: =AI3-$AM$11 -> -1.1176471 | AJ13: =AJ3-$AM$11 -> 6.8823529 | AK13: =AK3-$AM$11 -> 3.8823529 | AL13: =AL3-$AM$11 -> 34.882353 | AM13: =AM3-$AM$11 -> 33.882353 | AN13: =AN3-$AM$11 -> 0.88235294 | AO13: =AO3-$AM$11 -> -0.11764706 | ... AS13: =AS3-$AM$11 -> -1.1176471 | AV13: A | AW13: =AW3-$BB$11 -> 0.35 | AX13: =AX3-$BB$11 -> 0.35 | AY13: =AY3-$BB$11 -> 52.35 | AZ13: =AZ3-$BB$11 -> 51.35 | BA13: =BA3-$BB$11 -> 23.35 | BB13: =BB3-$BB$11 -> 25.35 | BC13: =BC3-$BB$11 -> 27.35 | BD13: =BD3-$BB$11 -> 27.35 | ... BH13: =BH3-$BB$11 -> -1.65 | BK13: A | BL13: =BL3-$BQ$11 -> 0.42424242 | BM13: =BM3-$BQ$11 -> -0.57575758 | BN13: =BN3-$BQ$11 -> 19.424242 | BO13: =BO3-$BQ$11 -> 13.424242 | BP13: =BP3-$BQ$11 -> 21.424242 | BQ13: =BQ3-$BQ$11 -> 23.424242 | BR13: =BR3-$BQ$11 -> 0.42424242 | BS13: =BS3-$BQ$11 -> -0.57575758 | ... BW13: =BW3-$BQ$11 -> 0.42424242 | BZ13: A | CA13: =CA3-$CF$11 -> 9.9318182 | CB13: =CB3-$CF$11 -> -4.0681818 | CC13: =CC3-$CF$11 -> 41.931818 | CD13: =CD3-$CF$11 -> 47.931818 | CE13: =CE3-$CF$11 -> 12.931818 | CF13: =CF3-$CF$11 -> 13.931818 | CG13: =CG3-$CF$11 -> 72.931818 | CH13: =CH3-$CF$11 -> 71.931818 | ... CL13: =CL3-$CF$11 -> -3.0681818 | CO13: A | CP13: =CP3-$CU$11 -> 3.0892857 | CQ13: =CQ3-$CU$11 -> 0.089285714 | CR13: =CR3-$CU$11 -> 47.089286 | CS13: =CS3-$CU$11 -> 51.089286 | CT13: =CT3-$CU$11 -> 31.089286 | CU13: =CU3-$CU$11 -> 31.089286 | CV13: =CV3-$CU$11 -> 24.089286 | CW13: =CW3-$CU$11 -> 29.089286 | ... DA13: =DA3-$CU$11 -> -0.91071429 | DD13: A | DE13: =DE3-$DJ$11 -> -0.47727273 | DF13: =DF3-$DJ$11 -> 1.5227273 | DG13: =DG3-$DJ$11 -> 68.522727 | DH13: =DH3-$DJ$11 -> 70.522727 | DI13: =DI3-$DJ$11 -> 12.522727 | DJ13: =DJ3-$DJ$11 -> 13.522727 | DK13: =DK3-$DJ$11 -> 7.5227273 | DL13: =DL3-$DJ$11 -> 7.5227273 | ... DP13: =DP3-$DJ$11 -> -1.4772727 | DS13: A | DT13: =DT3-$DY$11 -> 0.0625 | DU13: =DU3-$DY$11 -> -0.9375 | DV13: =DV3-$DY$11 -> 11.0625 | DW13: =DW3-$DY$11 -> 11.0625 | DX13: =DX3-$DY$11 -> 19.0625 | DY13: =DY3-$DY$11 -> 17.0625 | DZ13: =DZ3-$DY$11 -> 14.0625 | EA13: =EA3-$DY$11 -> 14.0625 | ... EE13: =EE3-$DY$11 -> 13.0625 | EH13: A | EI13: =EI3-$EN$11 -> -2.6447619 | EJ13: =EJ3-$EN$11 -> 2.3552381 | EK13: =EK3-$EN$11 -> 34.355238 | EL13: =EL3-$EN$11 -> 30.355238 | EM13: =EM3-$EN$11 -> 35.355238 | EN13: =EN3-$EN$11 -> 38.355238 | EO13: =EO3-$EN$11 -> -2.6447619 | EP13: =EP3-$EN$11 -> -1.6447619 | ... ET13: =ET3-$EN$11 -> -0.6447619 | EW13: A | EX13: =EX3-$FC$11 -> -0.15909091 | EY13: =EY3-$FC$11 -> -1.1590909 | EZ13: =EZ3-$FC$11 -> 42.840909 | FA13: =FA3-$FC$11 -> 42.840909 | FB13: =FB3-$FC$11 -> 51.840909 | FC13: =FC3-$FC$11 -> 52.840909 | FD13: =FD3-$FC$11 -> 17.840909 | FE13: =FE3-$FC$11 -> 19.840909 | ... FI13: =FI3-$FC$11 -> 0.84090909 | FL13: A | FM13: =FM3-$FR$11 -> 1.171875 | FN13: =FN3-$FR$11 -> -0.828125 | FO13: =FO3-$FR$11 -> 58.171875 | FP13: =FP3-$FR$11 -> 57.171875 | FQ13: =FQ3-$FR$11 -> 79.171875 | FR13: =FR3-$FR$11 -> 79.171875 | FS13: =FS3-$FR$11 -> -1.828125 | FT13: =FT3-$FR$11 -> 2.171875 | ... FX13: =FX3-$FR$11 -> -1.828125 | GA13: A | GB13: =GB3-$GG$11 -> 2.5657895 | GC13: =GC3-$GG$11 -> 0.56578947 | GD13: =GD3-$GG$11 -> 27.565789 | GE13: =GE3-$GG$11 -> 33.565789 | GF13: =GF3-$GG$11 -> -0.43421053 | GG13: =GG3-$GG$11 -> -0.43421053 | GH13: =GH3-$GG$11 -> -1.4342105 | GI13: =GI3-$GG$11 -> 1.5657895 | ... GM13: =GM3-$GG$11 -> -1.4342105
C14: B | D14: =D4-$I$11 -> 27.574074 | E14: =E4-$I$11 -> 27.574074 | F14: =F4-$I$11 -> 32.574074 | G14: =G4-$I$11 -> 51.574074 | H14: =H4-$I$11 -> 23.574074 | I14: =I4-$I$11 -> 24.574074 | J14: =J4-$I$11 -> 14.574074 | K14: =K4-$I$11 -> 14.574074 | ... O14: =O4-$I$11 -> -1.4259259 | R14: B | S14: =S4-$X$11 -> 11.722222 | T14: =T4-$X$11 -> 10.722222 | U14: =U4-$X$11 -> 8.7222222 | V14: =V4-$X$11 -> 7.7222222 | W14: =W4-$X$11 -> 69.722222 | X14: =X4-$X$11 -> 68.722222 | Y14: =Y4-$X$11 -> 83.722222 | Z14: =Z4-$X$11 -> 83.722222 | ... AD14: =AD4-$X$11 -> -0.27777778 | AG14: B | AH14: =AH4-$AM$11 -> 17.882353 | AI14: =AI4-$AM$11 -> 16.882353 | AJ14: =AJ4-$AM$11 -> 0.88235294 | AK14: =AK4-$AM$11 -> 1.8823529 | AL14: =AL4-$AM$11 -> 38.882353 | AM14: =AM4-$AM$11 -> 38.882353 | AN14: =AN4-$AM$11 -> -1.1176471 | AO14: =AO4-$AM$11 -> 0.88235294 | ... AS14: =AS4-$AM$11 -> 0.88235294 | AV14: B | AW14: =AW4-$BB$11 -> 24.35 | AX14: =AX4-$BB$11 -> 20.35 | AY14: =AY4-$BB$11 -> 96.35 | AZ14: =AZ4-$BB$11 -> 96.35 | BA14: =BA4-$BB$11 -> 21.35 | BB14: =BB4-$BB$11 -> 20.35 | BC14: =BC4-$BB$11 -> 41.35 | BD14: =BD4-$BB$11 -> 43.35 | ... BH14: =BH4-$BB$11 -> -1.65 | BK14: B | BL14: =BL4-$BQ$11 -> 20.424242 | BM14: =BM4-$BQ$11 -> 20.424242 | BN14: =BN4-$BQ$11 -> 19.424242 | BO14: =BO4-$BQ$11 -> 19.424242 | BP14: =BP4-$BQ$11 -> 17.424242 | BQ14: =BQ4-$BQ$11 -> 22.424242 | BR14: =BR4-$BQ$11 -> -1.5757576 | BS14: =BS4-$BQ$11 -> 0.42424242 | ... BW14: =BW4-$BQ$11 -> -0.57575758 | BZ14: B | CA14: =CA4-$CF$11 -> 48.931818 | CB14: =CB4-$CF$11 -> 51.931818 | CC14: =CC4-$CF$11 -> 71.931818 | CD14: =CD4-$CF$11 -> 67.931818 | CE14: =CE4-$CF$11 -> 19.931818 | CF14: =CF4-$CF$11 -> 26.931818 | CG14: =CG4-$CF$11 -> 72.931818 | CH14: =CH4-$CF$11 -> 70.931818 | ... CL14: =CL4-$CF$11 -> 1.9318182 | CO14: B | CP14: =CP4-$CU$11 -> 19.089286 | CQ14: =CQ4-$CU$11 -> 19.089286 | CR14: =CR4-$CU$11 -> 66.089286 | CS14: =CS4-$CU$11 -> 65.089286 | CT14: =CT4-$CU$11 -> 37.089286 | CU14: =CU4-$CU$11 -> 36.089286 | CV14: =CV4-$CU$11 -> 15.089286 | CW14: =CW4-$CU$11 -> 16.089286 | ... DA14: =DA4-$CU$11 -> -0.91071429 | DD14: B | DE14: =DE4-$DJ$11 -> 37.522727 | DF14: =DF4-$DJ$11 -> 34.522727 | DG14: =DG4-$DJ$11 -> 84.522727 | DH14: =DH4-$DJ$11 -> 79.522727 | DI14: =DI4-$DJ$11 -> 23.522727 | DJ14: =DJ4-$DJ$11 -> 21.522727 | DK14: =DK4-$DJ$11 -> 3.5227273 | DL14: =DL4-$DJ$11 -> 4.5227273 | ... DP14: =DP4-$DJ$11 -> 0.52272727 | DS14: B | DT14: =DT4-$DY$11 -> 28.0625 | DU14: =DU4-$DY$11 -> 28.0625 | DV14: =DV4-$DY$11 -> 30.0625 | DW14: =DW4-$DY$11 -> 30.0625 | DX14: =DX4-$DY$11 -> 54.0625 | DY14: =DY4-$DY$11 -> 54.0625 | DZ14: =DZ4-$DY$11 -> -1.9375 | EA14: =EA4-$DY$11 -> 0.0625 | ... EE14: =EE4-$DY$11 -> 9.0625 | EH14: B | EI14: =EI4-$EN$11 -> 11.355238 | EJ14: =EJ4-$EN$11 -> 15.355238 | EK14: =EK4-$EN$11 -> 32.355238 | EL14: =EL4-$EN$11 -> 37.355238 | EM14: =EM4-$EN$11 -> 32.355238 | EN14: =EN4-$EN$11 -> 32.355238 | EO14: =EO4-$EN$11 -> -1.6447619 | EP14: =EP4-$EN$11 -> 1.3552381 | ... ET14: =ET4-$EN$11 -> 6.3552381 | EW14: B | EX14: =EX4-$FC$11 -> 21.840909 | EY14: =EY4-$FC$11 -> 20.840909 | EZ14: =EZ4-$FC$11 -> 36.840909 | FA14: =FA4-$FC$11 -> 34.840909 | FB14: =FB4-$FC$11 -> 41.840909 | FC14: =FC4-$FC$11 -> 41.840909 | FD14: =FD4-$FC$11 -> 20.840909 | FE14: =FE4-$FC$11 -> 19.840909 | ... FI14: =FI4-$FC$11 -> -0.15909091 | FL14: B | FM14: =FM4-$FR$11 -> 28.171875 | FN14: =FN4-$FR$11 -> 27.171875 | FO14: =FO4-$FR$11 -> 49.171875 | FP14: =FP4-$FR$11 -> 46.171875 | FQ14: =FQ4-$FR$11 -> 54.171875 | FR14: =FR4-$FR$11 -> 53.171875 | FS14: =FS4-$FR$11 -> 0.171875 | FT14: =FT4-$FR$11 -> 0.171875 | ... FX14: =FX4-$FR$11 -> 4.171875 | GA14: B | GB14: =GB4-$GG$11 -> 21.565789 | GC14: =GC4-$GG$11 -> 21.565789 | GD14: =GD4-$GG$11 -> 20.565789 | GE14: =GE4-$GG$11 -> 16.565789 | GF14: =GF4-$GG$11 -> 0.56578947 | GG14: =GG4-$GG$11 -> 0.56578947 | GH14: =GH4-$GG$11 -> -0.43421053 | GI14: =GI4-$GG$11 -> 0.56578947 | ... GM14: =GM4-$GG$11 -> -1.4342105
C15: C | D15: =D5-$I$11 -> 55.574074 | E15: =E5-$I$11 -> 57.574074 | F15: =F5-$I$11 -> 38.574074 | G15: =G5-$I$11 -> 42.574074 | H15: =H5-$I$11 -> 17.574074 | I15: =I5-$I$11 -> 16.574074 | J15: =J5-$I$11 -> 8.5740741 | K15: =K5-$I$11 -> 12.574074 | ... O15: =O5-$I$11 -> 1.5740741 | R15: C | S15: =S5-$X$11 -> 38.722222 | T15: =T5-$X$11 -> 39.722222 | U15: =U5-$X$11 -> 17.722222 | V15: =V5-$X$11 -> 18.722222 | W15: =W5-$X$11 -> 76.722222 | X15: =X5-$X$11 -> 77.722222 | Y15: =Y5-$X$11 -> 68.722222 | Z15: =Z5-$X$11 -> 72.722222 | ... AD15: =AD5-$X$11 -> 0.72222222 | AG15: C | AH15: =AH5-$AM$11 -> 23.882353 | AI15: =AI5-$AM$11 -> 22.882353 | AJ15: =AJ5-$AM$11 -> 17.882353 | AK15: =AK5-$AM$11 -> 19.882353 | AL15: =AL5-$AM$11 -> 24.882353 | AM15: =AM5-$AM$11 -> 26.882353 | AN15: =AN5-$AM$11 -> -1.1176471 | AO15: =AO5-$AM$11 -> -0.11764706 | ... AS15: =AS5-$AM$11 -> -1.1176471 | AV15: C | AW15: =AW5-$BB$11 -> 41.35 | AX15: =AX5-$BB$11 -> 42.35 | AY15: =AY5-$BB$11 -> 62.35 | AZ15: =AZ5-$BB$11 -> 63.35 | BA15: =BA5-$BB$11 -> -0.65 | BB15: =BB5-$BB$11 -> -0.65 | BC15: =BC5-$BB$11 -> 26.35 | BD15: =BD5-$BB$11 -> 27.35 | ... BH15: =BH5-$BB$11 -> -0.65 | BK15: C | BL15: =BL5-$BQ$11 -> 37.424242 | BM15: =BM5-$BQ$11 -> 37.424242 | BN15: =BN5-$BQ$11 -> 11.424242 | BO15: =BO5-$BQ$11 -> 13.424242 | BP15: =BP5-$BQ$11 -> 24.424242 | BQ15: =BQ5-$BQ$11 -> 23.424242 | BR15: =BR5-$BQ$11 -> -0.57575758 | BS15: =BS5-$BQ$11 -> -1.5757576 | ... BW15: =BW5-$BQ$11 -> -0.57575758 | BZ15: C | CA15: =CA5-$CF$11 -> 283.93182 | CB15: =CB5-$CF$11 -> 283.93182 | CC15: =CC5-$CF$11 -> 58.931818 | CD15: =CD5-$CF$11 -> 53.931818 | CE15: =CE5-$CF$11 -> 20.931818 | CF15: =CF5-$CF$11 -> 24.931818 | CG15: =CG5-$CF$11 -> 58.931818 | CH15: =CH5-$CF$11 -> 56.931818 | ... CL15: =CL5-$CF$11 -> -2.0681818 | CO15: C | CP15: =CP5-$CU$11 -> 35.089286 | CQ15: =CQ5-$CU$11 -> 35.089286 | CR15: =CR5-$CU$11 -> 57.089286 | CS15: =CS5-$CU$11 -> 56.089286 | CT15: =CT5-$CU$11 -> 40.089286 | CU15: =CU5-$CU$11 -> 36.089286 | CV15: =CV5-$CU$11 -> 22.089286 | CW15: =CW5-$CU$11 -> 22.089286 | ... DA15: =DA5-$CU$11 -> -0.91071429 | DD15: C | DE15: =DE5-$DJ$11 -> 74.522727 | DF15: =DF5-$DJ$11 -> 66.522727 | DG15: =DG5-$DJ$11 -> 62.522727 | DH15: =DH5-$DJ$11 -> 61.522727 | DI15: =DI5-$DJ$11 -> 15.522727 | DJ15: =DJ5-$DJ$11 -> 15.522727 | DK15: =DK5-$DJ$11 -> 5.5227273 | DL15: =DL5-$DJ$11 -> 6.5227273 | ... DP15: =DP5-$DJ$11 -> 1.5227273 | DS15: C | DT15: =DT5-$DY$11 -> 35.0625 | DU15: =DU5-$DY$11 -> 32.0625 | DV15: =DV5-$DY$11 -> 30.0625 | DW15: =DW5-$DY$11 -> 28.0625 | DX15: =DX5-$DY$11 -> 40.0625 | DY15: =DY5-$DY$11 -> 38.0625 | DZ15: =DZ5-$DY$11 -> 35.0625 | EA15: =EA5-$DY$11 -> 35.0625 | ... EE15: =EE5-$DY$11 -> 14.0625 | EH15: C | EI15: =EI5-$EN$11 -> 51.355238 | EJ15: =EJ5-$EN$11 -> 42.355238 | EK15: =EK5-$EN$11 -> 37.355238 | EL15: =EL5-$EN$11 -> 31.355238 | EM15: =EM5-$EN$11 -> 34.355238 | EN15: =EN5-$EN$11 -> 23.355238 | EO15: =EO5-$EN$11 -> -2.6447619 | EP15: =EP5-$EN$11 -> 3.3552381 | ... ET15: =ET5-$EN$11 -> 4.3552381 | EW15: C | EX15: =EX5-$FC$11 -> 43.840909 | EY15: =EY5-$FC$11 -> 43.840909 | EZ15: =EZ5-$FC$11 -> 58.840909 | FA15: =FA5-$FC$11 -> 58.840909 | FB15: =FB5-$FC$11 -> 35.840909 | FC15: =FC5-$FC$11 -> 38.840909 | FD15: =FD5-$FC$11 -> 14.840909 | FE15: =FE5-$FC$11 -> 16.840909 | ... FI15: =FI5-$FC$11 -> 0.84090909 | FL15: C | FM15: =FM5-$FR$11 -> 47.171875 | FN15: =FN5-$FR$11 -> 52.171875 | FO15: =FO5-$FR$11 -> 66.171875 | FP15: =FP5-$FR$11 -> 65.171875 | FQ15: =FQ5-$FR$11 -> 50.171875 | FR15: =FR5-$FR$11 -> 50.171875 | FS15: =FS5-$FR$11 -> 1.171875 | FT15: =FT5-$FR$11 -> 1.171875 | ... FX15: =FX5-$FR$11 -> 0.171875 | GA15: C | GB15: =GB5-$GG$11 -> 41.565789 | GC15: =GC5-$GG$11 -> 39.565789 | GD15: =GD5-$GG$11 -> 29.565789 | GE15: =GE5-$GG$11 -> 25.565789 | GF15: =GF5-$GG$11 -> 0.56578947 | GG15: =GG5-$GG$11 -> -1.4342105 | GH15: =GH5-$GG$11 -> 2.5657895 | GI15: =GI5-$GG$11 -> -0.43421053 | ... GM15: =GM5-$GG$11 -> -0.43421053
C16: D | D16: =D6-$I$11 -> 113.57407 | E16: =E6-$I$11 -> 110.57407 | F16: =F6-$I$11 -> 35.574074 | G16: =G6-$I$11 -> 31.574074 | H16: =H6-$I$11 -> 5.5740741 | I16: =I6-$I$11 -> 5.5740741 | J16: =J6-$I$11 -> 12.574074 | K16: =K6-$I$11 -> 13.574074 | ... O16: =O6-$I$11 -> 0.57407407 | R16: D | S16: =S6-$X$11 -> 73.722222 | T16: =T6-$X$11 -> 72.722222 | U16: =U6-$X$11 -> 25.722222 | V16: =V6-$X$11 -> 10.722222 | W16: =W6-$X$11 -> 59.722222 | X16: =X6-$X$11 -> 59.722222 | Y16: =Y6-$X$11 -> 73.722222 | Z16: =Z6-$X$11 -> 72.722222 | ... AD16: =AD6-$X$11 -> 1.7222222 | AG16: D | AH16: =AH6-$AM$11 -> 62.882353 | AI16: =AI6-$AM$11 -> 62.882353 | AJ16: =AJ6-$AM$11 -> -0.11764706 | AK16: =AK6-$AM$11 -> -0.11764706 | AL16: =AL6-$AM$11 -> 35.882353 | AM16: =AM6-$AM$11 -> 31.882353 | AN16: =AN6-$AM$11 -> -0.11764706 | AO16: =AO6-$AM$11 -> -0.11764706 | ... AS16: =AS6-$AM$11 -> -1.1176471 | AV16: D | AW16: =AW6-$BB$11 -> 88.35 | AX16: =AX6-$BB$11 -> 89.35 | AY16: =AY6-$BB$11 -> 45.35 | AZ16: =AZ6-$BB$11 -> 52.35 | BA16: =BA6-$BB$11 -> 0.35 | BB16: =BB6-$BB$11 -> -0.65 | BC16: =BC6-$BB$11 -> 26.35 | BD16: =BD6-$BB$11 -> 26.35 | ... BH16: =BH6-$BB$11 -> -0.65 | BK16: D | BL16: =BL6-$BQ$11 -> 85.424242 | BM16: =BM6-$BQ$11 -> 88.424242 | BN16: =BN6-$BQ$11 -> 19.424242 | BO16: =BO6-$BQ$11 -> 18.424242 | BP16: =BP6-$BQ$11 -> 33.424242 | BQ16: =BQ6-$BQ$11 -> 34.424242 | BR16: =BR6-$BQ$11 -> 0.42424242 | BS16: =BS6-$BQ$11 -> 0.42424242 | ... BW16: =BW6-$BQ$11 -> 0.42424242 | BZ16: D | CA16: =CA6-$CF$11 -> 125.93182 | CB16: =CB6-$CF$11 -> 107.93182 | CC16: =CC6-$CF$11 -> 50.931818 | CD16: =CD6-$CF$11 -> 48.931818 | CE16: =CE6-$CF$11 -> 19.931818 | CF16: =CF6-$CF$11 -> 19.931818 | CG16: =CG6-$CF$11 -> 52.931818 | CH16: =CH6-$CF$11 -> 44.931818 | ... CL16: =CL6-$CF$11 -> -3.0681818 | CO16: D | CP16: =CP6-$CU$11 -> 63.089286 | CQ16: =CQ6-$CU$11 -> 70.089286 | CR16: =CR6-$CU$11 -> 24.089286 | CS16: =CS6-$CU$11 -> 24.089286 | CT16: =CT6-$CU$11 -> 23.089286 | CU16: =CU6-$CU$11 -> 25.089286 | CV16: =CV6-$CU$11 -> -1.9107143 | CW16: =CW6-$CU$11 -> -0.91071429 | ... DA16: =DA6-$CU$11 -> -0.91071429 | DD16: D | DE16: =DE6-$DJ$11 -> 133.52273 | DF16: =DF6-$DJ$11 -> 132.52273 | DG16: =DG6-$DJ$11 -> 57.522727 | DH16: =DH6-$DJ$11 -> 54.522727 | DI16: =DI6-$DJ$11 -> 9.5227273 | DJ16: =DJ6-$DJ$11 -> 10.522727 | DK16: =DK6-$DJ$11 -> 6.5227273 | DL16: =DL6-$DJ$11 -> 5.5227273 | ... DP16: =DP6-$DJ$11 -> -1.4772727 | DS16: D | DT16: =DT6-$DY$11 -> 89.0625 | DU16: =DU6-$DY$11 -> 85.0625 | DV16: =DV6-$DY$11 -> 19.0625 | DW16: =DW6-$DY$11 -> 17.0625 | DX16: =DX6-$DY$11 -> 37.0625 | DY16: =DY6-$DY$11 -> 37.0625 | DZ16: =DZ6-$DY$11 -> 16.0625 | EA16: =EA6-$DY$11 -> 16.0625 | ... EE16: =EE6-$DY$11 -> 6.0625 | EH16: D | EI16: =EI6-$EN$11 -> 68.355238 | EJ16: =EJ6-$EN$11 -> 79.355238 | EK16: =EK6-$EN$11 -> 41.355238 | EL16: =EL6-$EN$11 -> 40.355238 | EM16: =EM6-$EN$11 -> 49.355238 | EN16: =EN6-$EN$11 -> 48.355238 | EO16: =EO6-$EN$11 -> -2.6447619 | EP16: =EP6-$EN$11 -> 3.3552381 | ... ET16: =ET6-$EN$11 -> -0.6447619 | EW16: D | EX16: =EX6-$FC$11 -> 87.840909 | EY16: =EY6-$FC$11 -> 89.840909 | EZ16: =EZ6-$FC$11 -> 55.840909 | FA16: =FA6-$FC$11 -> 53.840909 | FB16: =FB6-$FC$11 -> 36.840909 | FC16: =FC6-$FC$11 -> 39.840909 | FD16: =FD6-$FC$11 -> 11.840909 | FE16: =FE6-$FC$11 -> 12.840909 | ... FI16: =FI6-$FC$11 -> 0.84090909 | FL16: D | FM16: =FM6-$FR$11 -> 98.171875 | FN16: =FN6-$FR$11 -> 97.171875 | FO16: =FO6-$FR$11 -> 51.171875 | FP16: =FP6-$FR$11 -> 54.171875 | FQ16: =FQ6-$FR$11 -> 61.171875 | FR16: =FR6-$FR$11 -> 54.171875 | FS16: =FS6-$FR$11 -> 2.171875 | FT16: =FT6-$FR$11 -> 1.171875 | ... FX16: =FX6-$FR$11 -> -1.828125 | GA16: D | GB16: =GB6-$GG$11 -> 79.565789 | GC16: =GC6-$GG$11 -> 78.565789 | GD16: =GD6-$GG$11 -> 14.565789 | GE16: =GE6-$GG$11 -> 21.565789 | GF16: =GF6-$GG$11 -> -0.43421053 | GG16: =GG6-$GG$11 -> -0.43421053 | GH16: =GH6-$GG$11 -> -0.43421053 | GI16: =GI6-$GG$11 -> 1.5657895 | ... GM16: =GM6-$GG$11 -> -0.43421053
C17: E | D17: =D7-$I$11 -> 237.57407 | E17: =E7-$I$11 -> 242.57407 | F17: =F7-$I$11 -> 12.574074 | G17: =G7-$I$11 -> 12.574074 | H17: =H7-$I$11 -> 20.574074 | I17: =I7-$I$11 -> 24.574074 | J17: =J7-$I$11 -> -0.42592593 | K17: =K7-$I$11 -> 0.57407407 | ... O17: =O7-$I$11 -> 0.57407407 | R17: E | S17: =S7-$X$11 -> 174.72222 | T17: =T7-$X$11 -> 177.72222 | U17: =U7-$X$11 -> 11.722222 | V17: =V7-$X$11 -> 8.7222222 | W17: =W7-$X$11 -> 45.722222 | X17: =X7-$X$11 -> 47.722222 | Y17: =Y7-$X$11 -> 51.722222 | Z17: =Z7-$X$11 -> 50.722222 | ... AD17: =AD7-$X$11 -> -0.27777778 | AG17: E | AH17: =AH7-$AM$11 -> 121.88235 | AI17: =AI7-$AM$11 -> 131.88235 | AJ17: =AJ7-$AM$11 -> -1.1176471 | AK17: =AK7-$AM$11 -> 1.8823529 | AL17: =AL7-$AM$11 -> 35.882353 | AM17: =AM7-$AM$11 -> 38.882353 | AN17: =AN7-$AM$11 -> -0.11764706 | AO17: =AO7-$AM$11 -> -0.11764706 | ... AS17: =AS7-$AM$11 -> 1.8823529 | AV17: E | AW17: =AW7-$BB$11 -> 166.35 | AX17: =AX7-$BB$11 -> 166.35 | AY17: =AY7-$BB$11 -> 60.35 | AZ17: =AZ7-$BB$11 -> 63.35 | BA17: =BA7-$BB$11 -> 1.35 | BB17: =BB7-$BB$11 -> -1.65 | BC17: =BC7-$BB$11 -> 29.35 | BD17: =BD7-$BB$11 -> 31.35 | ... BH17: =BH7-$BB$11 -> 0.35 | BK17: E | BL17: =BL7-$BQ$11 -> 109.42424 | BM17: =BM7-$BQ$11 -> 137.42424 | BN17: =BN7-$BQ$11 -> -0.57575758 | BO17: =BO7-$BQ$11 -> 1.4242424 | BP17: =BP7-$BQ$11 -> 27.424242 | BQ17: =BQ7-$BQ$11 -> 26.424242 | BR17: =BR7-$BQ$11 -> -1.5757576 | BS17: =BS7-$BQ$11 -> 0.42424242 | ... BW17: =BW7-$BQ$11 -> -1.5757576 | BZ17: E | CA17: =CA7-$CF$11 -> 147.93182 | CB17: =CB7-$CF$11 -> 139.93182 | CC17: =CC7-$CF$11 -> 56.931818 | CD17: =CD7-$CF$11 -> 57.931818 | CE17: =CE7-$CF$11 -> 21.931818 | CF17: =CF7-$CF$11 -> 19.931818 | CG17: =CG7-$CF$11 -> 37.931818 | CH17: =CH7-$CF$11 -> 34.931818 | ... CL17: =CL7-$CF$11 -> -0.068181818 | CO17: E | CP17: =CP7-$CU$11 -> 160.08929 | CQ17: =CQ7-$CU$11 -> 163.08929 | CR17: =CR7-$CU$11 -> 41.089286 | CS17: =CS7-$CU$11 -> 35.089286 | CT17: =CT7-$CU$11 -> 21.089286 | CU17: =CU7-$CU$11 -> 20.089286 | CV17: =CV7-$CU$11 -> 1.0892857 | CW17: =CW7-$CU$11 -> 1.0892857 | ... DA17: =DA7-$CU$11 -> 1.0892857 | DD17: E | DE17: =DE7-$DJ$11 -> 243.52273 | DF17: =DF7-$DJ$11 -> 240.52273 | DG17: =DG7-$DJ$11 -> 58.522727 | DH17: =DH7-$DJ$11 -> 51.522727 | DI17: =DI7-$DJ$11 -> 19.522727 | DJ17: =DJ7-$DJ$11 -> 21.522727 | DK17: =DK7-$DJ$11 -> 15.522727 | DL17: =DL7-$DJ$11 -> 15.522727 | ... DP17: =DP7-$DJ$11 -> 0.52272727 | DS17: E | DT17: =DT7-$DY$11 -> 131.0625 | DU17: =DU7-$DY$11 -> 132.0625 | DV17: =DV7-$DY$11 -> 19.0625 | DW17: =DW7-$DY$11 -> 19.0625 | DX17: =DX7-$DY$11 -> 34.0625 | DY17: =DY7-$DY$11 -> 35.0625 | DZ17: =DZ7-$DY$11 -> 9.0625 | EA17: =EA7-$DY$11 -> 9.0625 | ... EE17: =EE7-$DY$11 -> 3.0625 | EH17: E | EI17: =EI7-$EN$11 -> 195.35524 | EJ17: =EJ7-$EN$11 -> 197.35524 | EK17: =EK7-$EN$11 -> 46.355238 | EL17: =EL7-$EN$11 -> 53.355238 | EM17: =EM7-$EN$11 -> 34.355238 | EN17: =EN7-$EN$11 -> 37.355238 | EO17: =EO7-$EN$11 -> -0.6447619 | EP17: =EP7-$EN$11 -> 3.3552381 | ... ET17: =ET7-$EN$11 -> -2.6447619 | EW17: E | EX17: =EX7-$FC$11 -> 179.84091 | EY17: =EY7-$FC$11 -> 172.84091 | EZ17: =EZ7-$FC$11 -> 25.840909 | FA17: =FA7-$FC$11 -> 29.840909 | FB17: =FB7-$FC$11 -> 37.840909 | FC17: =FC7-$FC$11 -> 38.840909 | FD17: =FD7-$FC$11 -> 41.840909 | FE17: =FE7-$FC$11 -> 40.840909 | ... FI17: =FI7-$FC$11 -> -1.1590909 | FL17: E | FM17: =FM7-$FR$11 -> 178.17188 | FN17: =FN7-$FR$11 -> 179.17188 | FO17: =FO7-$FR$11 -> 53.171875 | FP17: =FP7-$FR$11 -> 52.171875 | FQ17: =FQ7-$FR$11 -> 48.171875 | FR17: =FR7-$FR$11 -> 46.171875 | FS17: =FS7-$FR$11 -> 1.171875 | FT17: =FT7-$FR$11 -> -0.828125 | ... FX17: =FX7-$FR$11 -> 3.171875 | GA17: E | GB17: =GB7-$GG$11 -> 160.56579 | GC17: =GC7-$GG$11 -> 160.56579 | GD17: =GD7-$GG$11 -> -0.43421053 | GE17: =GE7-$GG$11 -> -0.43421053 | GF17: =GF7-$GG$11 -> -0.43421053 | GG17: =GG7-$GG$11 -> -1.4342105 | GH17: =GH7-$GG$11 -> -0.43421053 | GI17: =GI7-$GG$11 -> 2.5657895 | ... GM17: =GM7-$GG$11 -> 1.5657895
C18: F | D18: =D8-$I$11 -> 234.57407 | E18: =E8-$I$11 -> 264.57407 | F18: =F8-$I$11 -> 25.574074 | G18: =G8-$I$11 -> 20.574074 | H18: =H8-$I$11 -> -1.4259259 | I18: =I8-$I$11 -> 0.57407407 | J18: =J8-$I$11 -> -1.4259259 | K18: =K8-$I$11 -> 1.5740741 | ... O18: =O8-$I$11 -> -2.4259259 | R18: F | S18: =S8-$X$11 -> 265.72222 | T18: =T8-$X$11 -> 260.72222 | U18: =U8-$X$11 -> 0.72222222 | V18: =V8-$X$11 -> 0.72222222 | W18: =W8-$X$11 -> 38.722222 | X18: =X8-$X$11 -> 37.722222 | Y18: =Y8-$X$11 -> 51.722222 | Z18: =Z8-$X$11 -> 51.722222 | ... AD18: =AD8-$X$11 -> 0.72222222 | AG18: F | AH18: =AH8-$AM$11 -> 133.88235 | AI18: =AI8-$AM$11 -> 136.88235 | AJ18: =AJ8-$AM$11 -> -1.1176471 | AK18: =AK8-$AM$11 -> 0.88235294 | AL18: =AL8-$AM$11 -> -1.1176471 | AM18: =AM8-$AM$11 -> -1.1176471 | AN18: =AN8-$AM$11 -> -0.11764706 | AO18: =AO8-$AM$11 -> -1.1176471 | ... AS18: =AS8-$AM$11 -> -1.1176471 | AV18: F | AW18: =AW8-$BB$11 -> 194.35 | AX18: =AX8-$BB$11 -> 201.35 | AY18: =AY8-$BB$11 -> -0.65 | AZ18: =AZ8-$BB$11 -> -0.65 | BA18: =BA8-$BB$11 -> 1.35 | BB18: =BB8-$BB$11 -> 0.35 | BC18: =BC8-$BB$11 -> -0.65 | BD18: =BD8-$BB$11 -> 1.35 | ... BH18: =BH8-$BB$11 -> 2.35 | BK18: F | BL18: =BL8-$BQ$11 -> 183.42424 | BM18: =BM8-$BQ$11 -> 183.42424 | BN18: =BN8-$BQ$11 -> 1.4242424 | BO18: =BO8-$BQ$11 -> -0.57575758 | BP18: =BP8-$BQ$11 -> -0.57575758 | BQ18: =BQ8-$BQ$11 -> -0.57575758 | BR18: =BR8-$BQ$11 -> -0.57575758 | BS18: =BS8-$BQ$11 -> -1.5757576 | ... BW18: =BW8-$BQ$11 -> 1.4242424 | BZ18: F | CA18: =CA8-$CF$11 -> 281.93182 | CB18: =CB8-$CF$11 -> 267.93182 | CC18: =CC8-$CF$11 -> -0.068181818 | CD18: =CD8-$CF$11 -> 2.9318182 | CE18: =CE8-$CF$11 -> 1.9318182 | CF18: =CF8-$CF$11 -> -1.0681818 | CG18: =CG8-$CF$11 -> 1.9318182 | CH18: =CH8-$CF$11 -> -0.068181818 | ... CL18: =CL8-$CF$11 -> 1.9318182 | CO18: F | CP18: =CP8-$CU$11 -> 200.08929 | CQ18: =CQ8-$CU$11 -> 202.08929 | CR18: =CR8-$CU$11 -> 1.0892857 | CS18: =CS8-$CU$11 -> -0.91071429 | CT18: =CT8-$CU$11 -> 17.089286 | CU18: =CU8-$CU$11 -> 15.089286 | CV18: =CV8-$CU$11 -> 0.089285714 | CW18: =CW8-$CU$11 -> -0.91071429 | ... DA18: =DA8-$CU$11 -> 0.089285714 | DD18: F | DE18: =DE8-$DJ$11 -> 274.52273 | DF18: =DF8-$DJ$11 -> 263.52273 | DG18: =DG8-$DJ$11 -> 0.52272727 | DH18: =DH8-$DJ$11 -> -1.4772727 | DI18: =DI8-$DJ$11 -> 1.5227273 | DJ18: =DJ8-$DJ$11 -> 0.52272727 | DK18: =DK8-$DJ$11 -> -0.47727273 | DL18: =DL8-$DJ$11 -> 2.5227273 | ... DP18: =DP8-$DJ$11 -> -2.4772727 | DS18: F | DT18: =DT8-$DY$11 -> 372.0625 | DU18: =DU8-$DY$11 -> 375.0625 | DV18: =DV8-$DY$11 -> 15.0625 | DW18: =DW8-$DY$11 -> 19.0625 | DX18: =DX8-$DY$11 -> 1.0625 | DY18: =DY8-$DY$11 -> 0.0625 | DZ18: =DZ8-$DY$11 -> -0.9375 | EA18: =EA8-$DY$11 -> 0.0625 | ... EE18: =EE8-$DY$11 -> 2.0625 | EH18: F | EI18: =EI8-$EN$11 -> 193.35524 | EJ18: =EJ8-$EN$11 -> 191.35524 | EK18: =EK8-$EN$11 -> -0.6447619 | EL18: =EL8-$EN$11 -> -0.6447619 | EM18: =EM8-$EN$11 -> 2.3552381 | EN18: =EN8-$EN$11 -> -2.6447619 | EO18: =EO8-$EN$11 -> 2.3552381 | EP18: =EP8-$EN$11 -> 0.3552381 | ... ET18: =ET8-$EN$11 -> 4.3552381 | EW18: F | EX18: =EX8-$FC$11 -> 202.84091 | EY18: =EY8-$FC$11 -> 189.84091 | EZ18: =EZ8-$FC$11 -> 0.84090909 | FA18: =FA8-$FC$11 -> 0.84090909 | FB18: =FB8-$FC$11 -> -1.1590909 | FC18: =FC8-$FC$11 -> -1.1590909 | FD18: =FD8-$FC$11 -> 0.84090909 | FE18: =FE8-$FC$11 -> -0.15909091 | ... FI18: =FI8-$FC$11 -> 0.84090909 | FL18: F | FM18: =FM8-$FR$11 -> 180.17188 | FN18: =FN8-$FR$11 -> 197.17188 | FO18: =FO8-$FR$11 -> -1.828125 | FP18: =FP8-$FR$11 -> 0.171875 | FQ18: =FQ8-$FR$11 -> -1.828125 | FR18: =FR8-$FR$11 -> 1.171875 | FS18: =FS8-$FR$11 -> 1.171875 | FT18: =FT8-$FR$11 -> 0.171875 | ... FX18: =FX8-$FR$11 -> 0.171875 | GA18: F | GB18: =GB8-$GG$11 -> 163.56579 | GC18: =GC8-$GG$11 -> 156.56579 | GD18: =GD8-$GG$11 -> 0.56578947 | GE18: =GE8-$GG$11 -> 0.56578947 | GF18: =GF8-$GG$11 -> -0.43421053 | GG18: =GG8-$GG$11 -> 1.5657895 | GH18: =GH8-$GG$11 -> -0.43421053 | GI18: =GI8-$GG$11 -> -0.43421053 | ... GM18: =GM8-$GG$11 -> 0.56578947
C19: G | D19: =D9-$I$11 -> 0.57407407 | E19: =E9-$I$11 -> -0.42592593 | F19: =F9-$I$11 -> 0.57407407 | G19: =G9-$I$11 -> 2.5740741 | H19: =H9-$I$11 -> -0.42592593 | I19: =I9-$I$11 -> -0.42592593 | J19: =J9-$I$11 -> -1.4259259 | K19: =K9-$I$11 -> 0.57407407 | ... O19: =O9-$I$11 -> -1.4259259 | R19: G | S19: =S9-$X$11 -> -0.27777778 | T19: =T9-$X$11 -> -1.2777778 | U19: =U9-$X$11 -> -1.2777778 | V19: =V9-$X$11 -> -0.27777778 | W19: =W9-$X$11 -> 1.7222222 | X19: =X9-$X$11 -> -1.2777778 | Y19: =Y9-$X$11 -> 0.72222222 | Z19: =Z9-$X$11 -> -1.2777778 | ... AD19: =AD9-$X$11 -> -0.27777778 | AG19: G | AH19: =AH9-$AM$11 -> -0.11764706 | AI19: =AI9-$AM$11 -> 2.8823529 | AJ19: =AJ9-$AM$11 -> -1.1176471 | AK19: =AK9-$AM$11 -> 1.8823529 | AL19: =AL9-$AM$11 -> 0.88235294 | AM19: =AM9-$AM$11 -> 0.88235294 | AN19: =AN9-$AM$11 -> -1.1176471 | AO19: =AO9-$AM$11 -> 0.88235294 | ... AS19: =AS9-$AM$11 -> 0.88235294 | AV19: G | AW19: =AW9-$BB$11 -> -0.65 | AX19: =AX9-$BB$11 -> 0.35 | AY19: =AY9-$BB$11 -> 2.35 | AZ19: =AZ9-$BB$11 -> 0.35 | BA19: =BA9-$BB$11 -> -0.65 | BB19: =BB9-$BB$11 -> -0.65 | BC19: =BC9-$BB$11 -> 0.35 | BD19: =BD9-$BB$11 -> 1.35 | ... BH19: =BH9-$BB$11 -> -1.65 | BK19: G | BL19: =BL9-$BQ$11 -> 1.4242424 | BM19: =BM9-$BQ$11 -> 1.4242424 | BN19: =BN9-$BQ$11 -> 1.4242424 | BO19: =BO9-$BQ$11 -> 0.42424242 | BP19: =BP9-$BQ$11 -> 0.42424242 | BQ19: =BQ9-$BQ$11 -> 3.4242424 | BR19: =BR9-$BQ$11 -> -0.57575758 | BS19: =BS9-$BQ$11 -> -0.57575758 | ... BW19: =BW9-$BQ$11 -> 1.4242424 | BZ19: G | CA19: =CA9-$CF$11 -> 0.93181818 | CB19: =CB9-$CF$11 -> 2.9318182 | CC19: =CC9-$CF$11 -> -0.068181818 | CD19: =CD9-$CF$11 -> 3.9318182 | CE19: =CE9-$CF$11 -> 0.93181818 | CF19: =CF9-$CF$11 -> 2.9318182 | CG19: =CG9-$CF$11 -> -1.0681818 | CH19: =CH9-$CF$11 -> -0.068181818 | ... CL19: =CL9-$CF$11 -> -0.068181818 | CO19: G | CP19: =CP9-$CU$11 -> 0.089285714 | CQ19: =CQ9-$CU$11 -> 2.0892857 | CR19: =CR9-$CU$11 -> 0.089285714 | CS19: =CS9-$CU$11 -> -0.91071429 | CT19: =CT9-$CU$11 -> 0.089285714 | CU19: =CU9-$CU$11 -> 0.089285714 | CV19: =CV9-$CU$11 -> 1.0892857 | CW19: =CW9-$CU$11 -> 0.089285714 | ... DA19: =DA9-$CU$11 -> 0.089285714 | DD19: G | DE19: =DE9-$DJ$11 -> 0.52272727 | DF19: =DF9-$DJ$11 -> -1.4772727 | DG19: =DG9-$DJ$11 -> 0.52272727 | DH19: =DH9-$DJ$11 -> 2.5227273 | DI19: =DI9-$DJ$11 -> -1.4772727 | DJ19: =DJ9-$DJ$11 -> 0.52272727 | DK19: =DK9-$DJ$11 -> -0.47727273 | DL19: =DL9-$DJ$11 -> -1.4772727 | ... DP19: =DP9-$DJ$11 -> 0.52272727 | DS19: G | DT19: =DT9-$DY$11 -> 1.0625 | DU19: =DU9-$DY$11 -> -1.9375 | DV19: =DV9-$DY$11 -> 1.0625 | DW19: =DW9-$DY$11 -> -0.9375 | DX19: =DX9-$DY$11 -> -1.9375 | DY19: =DY9-$DY$11 -> 2.0625 | DZ19: =DZ9-$DY$11 -> -0.9375 | EA19: =EA9-$DY$11 -> 0.0625 | ... EE19: =EE9-$DY$11 -> -0.9375 | EH19: G | EI19: =EI9-$EN$11 -> -2.6447619 | EJ19: =EJ9-$EN$11 -> 0.3552381 | EK19: =EK9-$EN$11 -> 0.3552381 | EL19: =EL9-$EN$11 -> 0.3552381 | EM19: =EM9-$EN$11 -> 1.3552381 | EN19: =EN9-$EN$11 -> -0.6447619 | EO19: =EO9-$EN$11 -> 0.3552381 | EP19: =EP9-$EN$11 -> -2.6447619 | ... ET19: =ET9-$EN$11 -> 0.3552381 | EW19: G | EX19: =EX9-$FC$11 -> 0.84090909 | EY19: =EY9-$FC$11 -> 0.84090909 | EZ19: =EZ9-$FC$11 -> -2.1590909 | FA19: =FA9-$FC$11 -> 0.84090909 | FB19: =FB9-$FC$11 -> -0.15909091 | FC19: =FC9-$FC$11 -> -0.15909091 | FD19: =FD9-$FC$11 -> -0.15909091 | FE19: =FE9-$FC$11 -> -2.1590909 | ... FI19: =FI9-$FC$11 -> 0.84090909 | FL19: G | FM19: =FM9-$FR$11 -> 5.171875 | FN19: =FN9-$FR$11 -> -1.828125 | FO19: =FO9-$FR$11 -> 2.171875 | FP19: =FP9-$FR$11 -> 1.171875 | FQ19: =FQ9-$FR$11 -> -1.828125 | FR19: =FR9-$FR$11 -> 2.171875 | FS19: =FS9-$FR$11 -> 1.171875 | FT19: =FT9-$FR$11 -> 0.171875 | ... FX19: =FX9-$FR$11 -> 0.171875 | GA19: G | GB19: =GB9-$GG$11 -> 0.56578947 | GC19: =GC9-$GG$11 -> 1.5657895 | GD19: =GD9-$GG$11 -> 0.56578947 | GE19: =GE9-$GG$11 -> -1.4342105 | GF19: =GF9-$GG$11 -> -1.4342105 | GG19: =GG9-$GG$11 -> 0.56578947 | GH19: =GH9-$GG$11 -> -0.43421053 | GI19: =GI9-$GG$11 -> -0.43421053 | ... GM19: =GM9-$GG$11 -> -0.43421053
C20: H | D20: =D10-$I$11 -> -1.4259259 | E20: =E10-$I$11 -> -0.42592593 | F20: =F10-$I$11 -> -0.42592593 | G20: =G10-$I$11 -> -0.42592593 | H20: =H10-$I$11 -> -0.42592593 | I20: =I10-$I$11 -> -1.4259259 | J20: =J10-$I$11 -> -2.4259259 | K20: =K10-$I$11 -> -2.4259259 | ... O20: =O10-$I$11 -> -2.4259259 | R20: H | S20: =S10-$X$11 -> 0.72222222 | T20: =T10-$X$11 -> 0.72222222 | U20: =U10-$X$11 -> 1.7222222 | V20: =V10-$X$11 -> -1.2777778 | W20: =W10-$X$11 -> -0.27777778 | X20: =X10-$X$11 -> 0.72222222 | Y20: =Y10-$X$11 -> -0.27777778 | Z20: =Z10-$X$11 -> -0.27777778 | ... AD20: =AD10-$X$11 -> -0.27777778 | AG20: H | AH20: =AH10-$AM$11 -> -1.1176471 | AI20: =AI10-$AM$11 -> -1.1176471 | AJ20: =AJ10-$AM$11 -> 0.88235294 | AK20: =AK10-$AM$11 -> -0.11764706 | AL20: =AL10-$AM$11 -> 0.88235294 | AM20: =AM10-$AM$11 -> -1.1176471 | AN20: =AN10-$AM$11 -> -0.11764706 | AO20: =AO10-$AM$11 -> -0.11764706 | ... AS20: =AS10-$AM$11 -> 2.8823529 | AV20: H | AW20: =AW10-$BB$11 -> 0.35 | AX20: =AX10-$BB$11 -> 1.35 | AY20: =AY10-$BB$11 -> 0.35 | AZ20: =AZ10-$BB$11 -> 1.35 | BA20: =BA10-$BB$11 -> -0.65 | BB20: =BB10-$BB$11 -> 0.35 | BC20: =BC10-$BB$11 -> -0.65 | BD20: =BD10-$BB$11 -> 0.35 | ... BH20: =BH10-$BB$11 -> -0.65 | BK20: H | BL20: =BL10-$BQ$11 -> 0.42424242 | BM20: =BM10-$BQ$11 -> 3.4242424 | BN20: =BN10-$BQ$11 -> -0.57575758 | BO20: =BO10-$BQ$11 -> 0.42424242 | BP20: =BP10-$BQ$11 -> -0.57575758 | BQ20: =BQ10-$BQ$11 -> 0.42424242 | BR20: =BR10-$BQ$11 -> -1.5757576 | BS20: =BS10-$BQ$11 -> 0.42424242 | ... BW20: =BW10-$BQ$11 -> -2.5757576 | BZ20: H | CA20: =CA10-$CF$11 -> -1.0681818 | CB20: =CB10-$CF$11 -> 0.93181818 | CC20: =CC10-$CF$11 -> -1.0681818 | CD20: =CD10-$CF$11 -> 0.93181818 | CE20: =CE10-$CF$11 -> -3.0681818 | CF20: =CF10-$CF$11 -> -0.068181818 | CG20: =CG10-$CF$11 -> -0.068181818 | CH20: =CH10-$CF$11 -> -2.0681818 | ... CL20: =CL10-$CF$11 -> -0.068181818 | CO20: H | CP20: =CP10-$CU$11 -> -1.9107143 | CQ20: =CQ10-$CU$11 -> -1.9107143 | CR20: =CR10-$CU$11 -> 0.089285714 | CS20: =CS10-$CU$11 -> 0.089285714 | CT20: =CT10-$CU$11 -> 0.089285714 | CU20: =CU10-$CU$11 -> -0.91071429 | CV20: =CV10-$CU$11 -> -0.91071429 | CW20: =CW10-$CU$11 -> -0.91071429 | ... DA20: =DA10-$CU$11 -> -0.91071429 | DD20: H | DE20: =DE10-$DJ$11 -> 0.52272727 | DF20: =DF10-$DJ$11 -> 0.52272727 | DG20: =DG10-$DJ$11 -> 0.52272727 | DH20: =DH10-$DJ$11 -> 0.52272727 | DI20: =DI10-$DJ$11 -> 0.52272727 | DJ20: =DJ10-$DJ$11 -> 0.52272727 | DK20: =DK10-$DJ$11 -> -1.4772727 | DL20: =DL10-$DJ$11 -> -0.47727273 | ... DP20: =DP10-$DJ$11 -> 0.52272727 | DS20: H | DT20: =DT10-$DY$11 -> -1.9375 | DU20: =DU10-$DY$11 -> 2.0625 | DV20: =DV10-$DY$11 -> 0.0625 | DW20: =DW10-$DY$11 -> 1.0625 | DX20: =DX10-$DY$11 -> 0.0625 | DY20: =DY10-$DY$11 -> 1.0625 | DZ20: =DZ10-$DY$11 -> 0.0625 | EA20: =EA10-$DY$11 -> -1.9375 | ... EE20: =EE10-$DY$11 -> 0.0625 | EH20: H | EI20: =EI10-$EN$11 -> 2.3552381 | EJ20: =EJ10-$EN$11 -> -2.6447619 | EK20: =EK10-$EN$11 -> 3.3552381 | EL20: =EL10-$EN$11 -> 1.3552381 | EM20: =EM10-$EN$11 -> -2.6447619 | EN20: =EN10-$EN$11 -> -1.6447619 | EO20: =EO10-$EN$11 -> -2.6447619 | EP20: =EP10-$EN$11 -> 2.3552381 | ... ET20: =ET10-$EN$11 -> 0.3552381 | EW20: H | EX20: =EX10-$FC$11 -> -1.1590909 | EY20: =EY10-$FC$11 -> 0.84090909 | EZ20: =EZ10-$FC$11 -> 0.84090909 | FA20: =FA10-$FC$11 -> -2.1590909 | FB20: =FB10-$FC$11 -> -0.15909091 | FC20: =FC10-$FC$11 -> -1.1590909 | FD20: =FD10-$FC$11 -> -0.15909091 | FE20: =FE10-$FC$11 -> 0.84090909 | ... FI20: =FI10-$FC$11 -> 0.84090909 | FL20: H | FM20: =FM10-$FR$11 -> -1.828125 | FN20: =FN10-$FR$11 -> -0.828125 | FO20: =FO10-$FR$11 -> -1.828125 | FP20: =FP10-$FR$11 -> -1.828125 | FQ20: =FQ10-$FR$11 -> -0.828125 | FR20: =FR10-$FR$11 -> -0.828125 | FS20: =FS10-$FR$11 -> -0.828125 | FT20: =FT10-$FR$11 -> 0.171875 | ... FX20: =FX10-$FR$11 -> -1.828125 | GA20: H | GB20: =GB10-$GG$11 -> -0.43421053 | GC20: =GC10-$GG$11 -> -0.43421053 | GD20: =GD10-$GG$11 -> 0.56578947 | GE20: =GE10-$GG$11 -> 0.56578947 | GF20: =GF10-$GG$11 -> -0.43421053 | GG20: =GG10-$GG$11 -> 1.5657895 | GH20: =GH10-$GG$11 -> -1.4342105 | GI20: =GI10-$GG$11 -> 0.56578947 | ... GM20: =GM10-$GG$11 -> -1.4342105
B21: Standard Curve | Q21: Standard Curve | AF21: Standard Curve | AU21: Standard Curve | BJ21: Standard Curve | BY21: Standard Curve | CN21: Standard Curve | DC21: Standard Curve | DR21: Standard Curve | EG21: Standard Curve | EV21: Standard Curve | FK21: Standard Curve | FZ21: Standard Curve
C24: =AVERAGE(D13:E13) -> 0.074074074 | D24: 0 | R24: =AVERAGE(S13:T13) -> 0.72222222 | S24: 0 | AG24: =AVERAGE(AH13:AI13) -> 0.38235294 | AH24: 0 | AV24: =AVERAGE(AW13:AX13) -> 0.35 | AW24: 0 | BK24: =AVERAGE(BL13:BM13) -> -0.075757576 | BL24: 0 | BZ24: =AVERAGE(CA13:CB13) -> 2.9318182 | CA24: 0 | CO24: =AVERAGE(CP13:CQ13) -> 1.5892857 | CP24: 0 | DD24: =AVERAGE(DE13:DF13) -> 0.52272727 | DE24: 0 | DS24: =AVERAGE(DT13:DU13) -> -0.4375 | DT24: 0 | EH24: =AVERAGE(EI13:EJ13) -> -0.1447619 | EI24: 0 | EW24: =AVERAGE(EX13:EY13) -> -0.65909091 | EX24: 0 | FL24: =AVERAGE(FM13:FN13) -> 0.171875 | FM24: 0 | GA24: =AVERAGE(GB13:GC13) -> 1.5657895 | GB24: 0
C25: =AVERAGE(D14:E14) -> 27.574074 | D25: 200 | R25: =AVERAGE(S14:T14) -> 11.222222 | S25: 200 | AG25: =AVERAGE(AH14:AI14) -> 17.382353 | AH25: 200 | AV25: =AVERAGE(AW14:AX14) -> 22.35 | AW25: 200 | BK25: =AVERAGE(BL14:BM14) -> 20.424242 | BL25: 200 | BZ25: =AVERAGE(CA14:CB14) -> 50.431818 | CA25: 200 | CO25: =AVERAGE(CP14:CQ14) -> 19.089286 | CP25: 200 | DD25: =AVERAGE(DE14:DF14) -> 36.022727 | DE25: 200 | DT25: 200 | EH25: =AVERAGE(EI14:EJ14) -> 13.355238 | EI25: 200 | EW25: =AVERAGE(EX14:EY14) -> 21.340909 | EX25: 200 | FL25: =AVERAGE(FM14:FN14) -> 27.671875 | FM25: 200 | GA25: =AVERAGE(GB14:GC14) -> 21.565789 | GB25: 200
C26: =AVERAGE(D15:E15) -> 56.574074 | D26: 400 | R26: =AVERAGE(S15:T15) -> 39.222222 | S26: 400 | AG26: =AVERAGE(AH15:AI15) -> 23.382353 | AH26: 400 | AV26: =AVERAGE(AW15:AX15) -> 41.85 | AW26: 400 | BK26: =AVERAGE(BL15:BM15) -> 37.424242 | BL26: 400 | CA26: 400 | CO26: =AVERAGE(CP15:CQ15) -> 35.089286 | CP26: 400 | DD26: =AVERAGE(DE15:DF15) -> 70.522727 | DE26: 400 | DS26: =AVERAGE(DT15:DU15) -> 33.5625 | DT26: 400 | EH26: =AVERAGE(EI15:EJ15) -> 46.855238 | EI26: 400 | EW26: =AVERAGE(EX15:EY15) -> 43.840909 | EX26: 400 | FL26: =AVERAGE(FM15:FN15) -> 49.671875 | FM26: 400 | GA26: =AVERAGE(GB15:GC15) -> 40.565789 | GB26: 400
C27: =AVERAGE(D16:E16) -> 112.07407 | D27: 800 | R27: =AVERAGE(S16:T16) -> 73.222222 | S27: 800 | AG27: =AVERAGE(AH16:AI16) -> 62.882353 | AH27: 800 | AV27: =AVERAGE(AW16:AX16) -> 88.85 | AW27: 800 | BL27: 800 | BZ27: =AVERAGE(CA16:CB16) -> 116.93182 | CA27: 800 | CO27: =AVERAGE(CP16:CQ16) -> 66.589286 | CP27: 800 | DD27: =AVERAGE(DE16:DF16) -> 133.02273 | DE27: 800 | DS27: =AVERAGE(DT16:DU16) -> 87.0625 | DT27: 800 | EI27: 800 | EW27: =AVERAGE(EX16:EY16) -> 88.840909 | EX27: 800 | FL27: =AVERAGE(FM16:FN16) -> 97.671875 | FM27: 800 | GA27: =AVERAGE(GB16:GC16) -> 79.065789 | GB27: 800
C28: =AVERAGE(D17:E17) -> 240.07407 | D28: 1600 | R28: =AVERAGE(S17:T17) -> 176.22222 | S28: 1600 | AG28: =AVERAGE(AH17:AI17) -> 126.88235 | AH28: 1600 | AV28: =AVERAGE(AW17:AX17) -> 166.35 | AW28: 1600 | BK28: =AVERAGE(BL17:BM17) -> 123.42424 | BL28: 1600 | CA28: 1600 | CP28: 1600 | DD28: =AVERAGE(DE17:DF17) -> 242.02273 | DE28: 1600 | DS28: =AVERAGE(DT17:DU17) -> 131.5625 | DT28: 1600 | EH28: =AVERAGE(EI17:EJ17) -> 196.35524 | EI28: 1600 | EW28: =AVERAGE(EX17:EY17) -> 176.34091 | EX28: 1600 | FL28: =AVERAGE(FM17:FN17) -> 178.67188 | FM28: 1600 | GA28: =AVERAGE(GB17:GC17) -> 160.56579 | GB28: 1600
D29: 2500 | R29: =AVERAGE(S18:T18) -> 263.22222 | S29: 2500 | AH29: 2500 | AW29: 2500 | BK29: =AVERAGE(BL18:BM18) -> 183.42424 | BL29: 2500 | BZ29: =AVERAGE(CA18:CB18) -> 274.93182 | CA29: 2500 | CO29: =AVERAGE(CP18:CQ18) -> 201.08929 | CP29: 2500 | DE29: 2500 | DT29: 2500 | EI29: 2500 | EX29: 2500 | FM29: 2500 | GB29: 2500
C32: m | D32: 6.6559 | R32: m | S32: 9.1883 | AG32: m | AH32: 12.463 | AV32: m | AW32: 9.5914 | BK32: m | BL32: 13.787 | BZ32: m | CA32: 9.499 | CO32: m | CP32: 12.588 | DD32: m | DE32: 6.651 | DS32: m | DT32: 11.538 | EH32: m | EI32: 7.9437 | EW32: m | EX32: 9.029 | FL32: m | FM32: 9.0113 | GA32: m | GB32: 10.08
C33: b | D33: 19.113 | R33: b | S33: 53.225 | AG33: b | AH33: 24.429 | AV33: b | AW33: -13.371 | BK33: b | BL33: -65.408 | BZ33: b | CA33: -182.31 | CO33: b | CP33: -34.285 | DD33: b | DE33: -41.308 | DS33: b | DT33: -26.177 | EH33: b | EI33: 40.77 | EW33: b | EX33: 4.621 | FL33: b | FM33: -37.743 | GA33: b | GB33: -11.505
B36: Standardize to Curve | D36: 1 | E36: 2 | F36: 3 | G36: 4 | H36: 5 | I36: 6 | J36: 7 | K36: 8 | L36: 9 | M36: 10 | N36: 11 | O36: 12 | Q36: Standardize to Curve | S36: 1 | T36: 2 | U36: 3 | V36: 4 | W36: 5 | X36: 6 | Y36: 7 | Z36: 8 | AA36: 9 | AB36: 10 | AC36: 11 | AD36: 12 | AF36: Standardize to Curve | AH36: 1 | AI36: 2 | AJ36: 3 | AK36: 4 | AL36: 5 | AM36: 6 | AN36: 7 | AO36: 8 | AP36: 9 | AQ36: 10 | AR36: 11 | AS36: 12 | AU36: Standardize to Curve | AW36: 1 | AX36: 2 | AY36: 3 | AZ36: 4 | BA36: 5 | BB36: 6 | BC36: 7 | BD36: 8 | BE36: 9 | BF36: 10 | BG36: 11 | BH36: 12 | BJ36: Standardize to Curve | BL36: 1 | BM36: 2 | BN36: 3 | BO36: 4 | BP36: 5 | BQ36: 6 | BR36: 7 | BS36: 8 | BT36: 9 | BU36: 10 | BV36: 11 | BW36: 12 | BY36: Standardize to Curve | CA36: 1 | CB36: 2 | CC36: 3 | CD36: 4 | CE36: 5 | CF36: 6 | CG36: 7 | CH36: 8 | CI36: 9 | CJ36: 10 | CK36: 11 | CL36: 12 | CN36: Standardize to Curve | CP36: 1 | CQ36: 2 | CR36: 3 | CS36: 4 | CT36: 5 | CU36: 6 | CV36: 7 | CW36: 8 | CX36: 9 | CY36: 10 | CZ36: 11 | DA36: 12 | DC36: Standardize to Curve | DE36: 1 | DF36: 2 | DG36: 3 | DH36: 4 | DI36: 5 | DJ36: 6 | DK36: 7 | DL36: 8 | DM36: 9 | DN36: 10 | DO36: 11 | DP36: 12 | DR36: Standardize to Curve | DT36: 1 | DU36: 2 | DV36: 3 | DW36: 4 | DX36: 5 | DY36: 6 | DZ36: 7 | EA36: 8 | EB36: 9 | EC36: 10 | ED36: 11 | EE36: 12 | EG36: Standardize to Curve | EI36: 1 | EJ36: 2 | EK36: 3 | EL36: 4 | EM36: 5 | EN36: 6 | EO36: 7 | EP36: 8 | EQ36: 9 | ER36: 10 | ES36: 11 | ET36: 12 | EV36: Standardize to Curve | EX36: 1 | EY36: 2 | EZ36: 3 | FA36: 4 | FB36: 5 | FC36: 6 | FD36: 7 | FE36: 8 | FF36: 9 | FG36: 10 | FH36: 11 | FI36: 12 | FK36: Standardize to Curve | FM36: 1 | FN36: 2 | FO36: 3 | FP36: 4 | FQ36: 5 | FR36: 6 | FS36: 7 | FT36: 8 | FU36: 9 | FV36: 10 | FW36: 11 | FX36: 12 | FZ36: Standardize to Curve | GB36: 1 | GC36: 2 | GD36: 3 | GE36: 4 | GF36: 5 | GG36: 6 | GH36: 7 | GI36: 8 | GJ36: 9 | GK36: 10 | GL36: 11 | GM36: 12
C37: A | D37: =D13*$D$32+$D$33 -> 16.27808 | E37: =E13*$D$32+$D$33 -> 22.93398 | F37: =F13*$D$32+$D$33 -> 122.77248 | G37: =G13*$D$32+$D$33 -> 122.77248 | H37: =H13*$D$32+$D$33 -> 162.70788 | I37: =I13*$D$32+$D$33 -> 182.67558 | J37: =J13*$D$32+$D$33 -> 169.36378 | K37: =K13*$D$32+$D$33 -> 102.80478 | R37: A | S37: =S13*$S$32+$S$33 -> 50.672694 | T37: =T13*$S$32+$S$33 -> 69.049294 | U37: =U13*$S$32+$S$33 -> 206.87379 | V37: =V13*$S$32+$S$33 -> 197.68549 | W37: =W13*$S$32+$S$33 -> 657.10049 | X37: =X13*$S$32+$S$33 -> 657.10049 | Y37: =Y13*$S$32+$S$33 -> 620.34729 | Z37: =Z13*$S$32+$S$33 -> 657.10049 | ... AB37: =AB13*$S$32+$S$33 -> 620.34729 | AG37: A | AH37: =AH13*$AH$32+$AH$33 -> 47.888765 | AI37: =AI13*$AH$32+$AH$33 -> 10.499765 | AJ37: =AJ13*$AH$32+$AH$33 -> 110.20376 | AK37: =AK13*$AH$32+$AH$33 -> 72.814765 | AL37: =AL13*$AH$32+$AH$33 -> 459.16776 | AM37: =AM13*$AH$32+$AH$33 -> 446.70476 | AV37: A | AW37: =AW13*$AW$32+$AW$33 -> -10.01401 | AX37: =AX13*$AW$32+$AW$33 -> -10.01401 | AY37: =AY13*$AW$32+$AW$33 -> 488.73879 | AZ37: =AZ13*$AW$32+$AW$33 -> 479.14739 | BA37: =BA13*$AW$32+$AW$33 -> 210.58819 | BB37: =BB13*$AW$32+$AW$33 -> 229.77099 | BC37: =BC13*$AW$32+$AW$33 -> 248.95379 | BD37: =BD13*$AW$32+$AW$33 -> 248.95379 | BK37: A | BL37: =BL13*$BL$32+$BL$33 -> -59.55897 | BM37: =BM13*$BL$32+$BL$33 -> -73.34597 | BN37: =BN13*$BL$32+$BL$33 -> 202.39403 | BO37: =BO13*$BL$32+$BL$33 -> 119.67203 | BP37: =BP13*$BL$32+$BL$33 -> 229.96803 | BQ37: =BQ13*$BL$32+$BL$33 -> 257.54203 | BZ37: A | CA37: =CA13*$CA$32+$CA$33 -> -87.967659 | CB37: =CB13*$CA$32+$CA$33 -> -220.95366 | CC37: =CC13*$CA$32+$CA$33 -> 216.00034 | CD37: =CD13*$CA$32+$CA$33 -> 272.99434 | CE37: =CE13*$CA$32+$CA$33 -> -59.470659 | CF37: =CF13*$CA$32+$CA$33 -> -49.971659 | CG37: =CG13*$CA$32+$CA$33 -> 510.46934 | CH37: =CH13*$CA$32+$CA$33 -> 500.97034 | ... CJ37: =CJ13*$CA$32+$CA$33 -> 178.00434 | CO37: A | CP37: =CP13*$CP$32+$CP$33 -> 4.6029286 | CQ37: =CQ13*$CP$32+$CP$33 -> -33.161071 | CR37: =CR13*$CP$32+$CP$33 -> 558.47493 | CS37: =CS13*$CP$32+$CP$33 -> 608.82693 | CT37: =CT13*$CP$32+$CP$33 -> 357.06693 | CU37: =CU13*$CP$32+$CP$33 -> 357.06693 | CV37: =CV13*$CP$32+$CP$33 -> 268.95093 | CW37: =CW13*$CP$32+$CP$33 -> 331.89093 | DD37: A | DE37: =DE13*$DE$32+$DE$33 -> -44.482341 | DF37: =DF13*$DE$32+$DE$33 -> -31.180341 | DG37: =DG13*$DE$32+$DE$33 -> 414.43666 | DH37: =DH13*$DE$32+$DE$33 -> 427.73866 | DI37: =DI13*$DE$32+$DE$33 -> 41.980659 | DJ37: =DJ13*$DE$32+$DE$33 -> 48.631659 | DK37: =DK13*$DE$32+$DE$33 -> 8.7256591 | DL37: =DL13*$DE$32+$DE$33 -> 8.7256591 | ... DN37: =DN13*$DE$32+$DE$33 -> 55.282659 | DS37: A | DT37: =DT13*$DT$32+$DT$33 -> -25.455875 | DU37: =DU13*$DT$32+$DT$33 -> -36.993875 | DV37: =DV13*$DT$32+$DT$33 -> 101.46213 | DW37: =DW13*$DT$32+$DT$33 -> 101.46213 | DX37: =DX13*$DT$32+$DT$33 -> 193.76613 | DY37: =DY13*$DT$32+$DT$33 -> 170.69013 | DZ37: =DZ13*$DT$32+$DT$33 -> 136.07613 | EA37: =EA13*$DT$32+$DT$33 -> 136.07613 | ... EE37: =EE13*$DT$32+$DT$33 -> 124.53813 | EH37: A | EI37: =EI13*$EI$32+$EI$33 -> 19.760805 | EJ37: =EJ13*$EI$32+$EI$33 -> 59.479305 | EK37: =EK13*$EI$32+$EI$33 -> 313.6777 | EL37: =EL13*$EI$32+$EI$33 -> 281.9029 | EM37: =EM13*$EI$32+$EI$33 -> 321.6214 | EN37: =EN13*$EI$32+$EI$33 -> 345.4525 | EW37: A | EX37: =EX13*$EX$32+$EX$33 -> 3.1845682 | EY37: =EY13*$EX$32+$EX$33 -> -5.8444318 | EZ37: =EZ13*$EX$32+$EX$33 -> 391.43157 | FA37: =FA13*$EX$32+$EX$33 -> 391.43157 | FB37: =FB13*$EX$32+$EX$33 -> 472.69257 | FC37: =FC13*$EX$32+$EX$33 -> 481.72157 | FD37: =FD13*$EX$32+$EX$33 -> 165.70657 | FE37: =FE13*$EX$32+$EX$33 -> 183.76457 | ... FG37: =FG13*$EX$32+$EX$33 -> 373.37357 | FL37: A | FM37: =FM13*$FM$32+$FM$33 -> -27.182883 | FN37: =FN13*$FM$32+$FM$33 -> -45.205483 | FO37: =FO13*$FM$32+$FM$33 -> 486.46122 | FP37: =FP13*$FM$32+$FM$33 -> 477.44992 | FQ37: =FQ13*$FM$32+$FM$33 -> 675.69852 | FR37: =FR13*$FM$32+$FM$33 -> 675.69852 | GA37: A | GB37: =GB13*$GB$32+$GB$33 -> 14.358158 | GC37: =GC13*$GB$32+$GB$33 -> -5.8018421 | GD37: =GD13*$GB$32+$GB$33 -> 266.35816 | GE37: =GE13*$GB$32+$GB$33 -> 326.83816
C38: B | D38: =D14*$D$32+$D$33 -> 202.64328 | E38: =E14*$D$32+$D$33 -> 202.64328 | F38: =F14*$D$32+$D$33 -> 235.92278 | G38: =G14*$D$32+$D$33 -> 362.38488 | H38: =H14*$D$32+$D$33 -> 176.01968 | I38: =I14*$D$32+$D$33 -> 182.67558 | J38: =J14*$D$32+$D$33 -> 116.11658 | K38: =K14*$D$32+$D$33 -> 116.11658 | R38: B | S38: =S14*$S$32+$S$33 -> 160.93229 | T38: =T14*$S$32+$S$33 -> 151.74399 | U38: =U14*$S$32+$S$33 -> 133.36739 | V38: =V14*$S$32+$S$33 -> 124.17909 | W38: =W14*$S$32+$S$33 -> 693.85369 | X38: =X14*$S$32+$S$33 -> 684.66539 | Y38: =Y14*$S$32+$S$33 -> 822.48989 | Z38: =Z14*$S$32+$S$33 -> 822.48989 | ... AB38: =AB14*$S$32+$S$33 -> 363.07489 | AG38: B | AH38: =AH14*$AH$32+$AH$33 -> 247.29676 | AI38: =AI14*$AH$32+$AH$33 -> 234.83376 | AJ38: =AJ14*$AH$32+$AH$33 -> 35.425765 | AK38: =AK14*$AH$32+$AH$33 -> 47.888765 | AL38: =AL14*$AH$32+$AH$33 -> 509.01976 | AM38: =AM14*$AH$32+$AH$33 -> 509.01976 | AV38: B | AW38: =AW14*$AW$32+$AW$33 -> 220.17959 | AX38: =AX14*$AW$32+$AW$33 -> 181.81399 | AY38: =AY14*$AW$32+$AW$33 -> 910.76039 | AZ38: =AZ14*$AW$32+$AW$33 -> 910.76039 | BA38: =BA14*$AW$32+$AW$33 -> 191.40539 | BB38: =BB14*$AW$32+$AW$33 -> 181.81399 | BC38: =BC14*$AW$32+$AW$33 -> 383.23339 | BD38: =BD14*$AW$32+$AW$33 -> 402.41619 | BK38: B | BL38: =BL14*$BL$32+$BL$33 -> 216.18103 | BM38: =BM14*$BL$32+$BL$33 -> 216.18103 | BN38: =BN14*$BL$32+$BL$33 -> 202.39403 | BO38: =BO14*$BL$32+$BL$33 -> 202.39403 | BP38: =BP14*$BL$32+$BL$33 -> 174.82003 | BQ38: =BQ14*$BL$32+$BL$33 -> 243.75503 | BZ38: B | CA38: =CA14*$CA$32+$CA$33 -> 282.49334 | CB38: =CB14*$CA$32+$CA$33 -> 310.99034 | CC38: =CC14*$CA$32+$CA$33 -> 500.97034 | CD38: =CD14*$CA$32+$CA$33 -> 462.97434 | CE38: =CE14*$CA$32+$CA$33 -> 7.0223409 | CF38: =CF14*$CA$32+$CA$33 -> 73.515341 | CG38: =CG14*$CA$32+$CA$33 -> 510.46934 | CH38: =CH14*$CA$32+$CA$33 -> 491.47134 | ... CJ38: =CJ14*$CA$32+$CA$33 -> 64.016341 | CO38: B | CP38: =CP14*$CP$32+$CP$33 -> 206.01093 | CQ38: =CQ14*$CP$32+$CP$33 -> 206.01093 | CR38: =CR14*$CP$32+$CP$33 -> 797.64693 | CS38: =CS14*$CP$32+$CP$33 -> 785.05893 | CT38: =CT14*$CP$32+$CP$33 -> 432.59493 | CU38: =CU14*$CP$32+$CP$33 -> 420.00693 | CV38: =CV14*$CP$32+$CP$33 -> 155.65893 | CW38: =CW14*$CP$32+$CP$33 -> 168.24693 | DD38: B | DE38: =DE14*$DE$32+$DE$33 -> 208.25566 | DF38: =DF14*$DE$32+$DE$33 -> 188.30266 | DG38: =DG14*$DE$32+$DE$33 -> 520.85266 | DH38: =DH14*$DE$32+$DE$33 -> 487.59766 | DI38: =DI14*$DE$32+$DE$33 -> 115.14166 | DJ38: =DJ14*$DE$32+$DE$33 -> 101.83966 | DK38: =DK14*$DE$32+$DE$33 -> -17.878341 | DL38: =DL14*$DE$32+$DE$33 -> -11.227341 | ... DN38: =DN14*$DE$32+$DE$33 -> 2.0746591 | DS38: B | DT38: =DT14*$DT$32+$DT$33 -> 297.60812 | DU38: =DU14*$DT$32+$DT$33 -> 297.60812 | DV38: =DV14*$DT$32+$DT$33 -> 320.68412 | DW38: =DW14*$DT$32+$DT$33 -> 320.68412 | DX38: =DX14*$DT$32+$DT$33 -> 597.59613 | DY38: =DY14*$DT$32+$DT$33 -> 597.59613 | DZ38: =DZ14*$DT$32+$DT$33 -> -48.531875 | EA38: =EA14*$DT$32+$DT$33 -> -25.455875 | ... EE38: =EE14*$DT$32+$DT$33 -> 78.386125 | EH38: B | EI38: =EI14*$EI$32+$EI$33 -> 130.9726 | EJ38: =EJ14*$EI$32+$EI$33 -> 162.7474 | EK38: =EK14*$EI$32+$EI$33 -> 297.7903 | EL38: =EL14*$EI$32+$EI$33 -> 337.5088 | EM38: =EM14*$EI$32+$EI$33 -> 297.7903 | EN38: =EN14*$EI$32+$EI$33 -> 297.7903 | EW38: B | EX38: =EX14*$EX$32+$EX$33 -> 201.82257 | EY38: =EY14*$EX$32+$EX$33 -> 192.79357 | EZ38: =EZ14*$EX$32+$EX$33 -> 337.25757 | FA38: =FA14*$EX$32+$EX$33 -> 319.19957 | FB38: =FB14*$EX$32+$EX$33 -> 382.40257 | FC38: =FC14*$EX$32+$EX$33 -> 382.40257 | FD38: =FD14*$EX$32+$EX$33 -> 192.79357 | FE38: =FE14*$EX$32+$EX$33 -> 183.76457 | ... FG38: =FG14*$EX$32+$EX$33 -> 237.93857 | FL38: B | FM38: =FM14*$FM$32+$FM$33 -> 216.12222 | FN38: =FN14*$FM$32+$FM$33 -> 207.11092 | FO38: =FO14*$FM$32+$FM$33 -> 405.35952 | FP38: =FP14*$FM$32+$FM$33 -> 378.32562 | FQ38: =FQ14*$FM$32+$FM$33 -> 450.41602 | FR38: =FR14*$FM$32+$FM$33 -> 441.40472 | GA38: B | GB38: =GB14*$GB$32+$GB$33 -> 205.87816 | GC38: =GC14*$GB$32+$GB$33 -> 205.87816 | GD38: =GD14*$GB$32+$GB$33 -> 195.79816 | GE38: =GE14*$GB$32+$GB$33 -> 155.47816
C39: C | D39: =D15*$D$32+$D$33 -> 389.00848 | E39: =E15*$D$32+$D$33 -> 402.32028 | F39: =F15*$D$32+$D$33 -> 275.85818 | G39: =G15*$D$32+$D$33 -> 302.48178 | H39: =H15*$D$32+$D$33 -> 136.08428 | I39: =I15*$D$32+$D$33 -> 129.42838 | J39: =J15*$D$32+$D$33 -> 76.18118 | K39: =K15*$D$32+$D$33 -> 102.80478 | R39: C | S39: =S15*$S$32+$S$33 -> 409.01639 | T39: =T15*$S$32+$S$33 -> 418.20469 | U39: =U15*$S$32+$S$33 -> 216.06209 | V39: =V15*$S$32+$S$33 -> 225.25039 | W39: =W15*$S$32+$S$33 -> 758.17179 | X39: =X15*$S$32+$S$33 -> 767.36009 | Y39: =Y15*$S$32+$S$33 -> 684.66539 | Z39: =Z15*$S$32+$S$33 -> 721.41859 | ... AB39: =AB15*$S$32+$S$33 -> 537.65259 | AG39: C | AH39: =AH15*$AH$32+$AH$33 -> 322.07476 | AI39: =AI15*$AH$32+$AH$33 -> 309.61176 | AJ39: =AJ15*$AH$32+$AH$33 -> 247.29676 | AK39: =AK15*$AH$32+$AH$33 -> 272.22276 | AL39: =AL15*$AH$32+$AH$33 -> 334.53776 | AM39: =AM15*$AH$32+$AH$33 -> 359.46376 | AV39: C | AW39: =AW15*$AW$32+$AW$33 -> 383.23339 | AX39: =AX15*$AW$32+$AW$33 -> 392.82479 | AY39: =AY15*$AW$32+$AW$33 -> 584.65279 | AZ39: =AZ15*$AW$32+$AW$33 -> 594.24419 | BC39: =BC15*$AW$32+$AW$33 -> 239.36239 | BD39: =BD15*$AW$32+$AW$33 -> 248.95379 | BK39: C | BL39: =BL15*$BL$32+$BL$33 -> 450.56003 | BM39: =BM15*$BL$32+$BL$33 -> 450.56003 | BN39: =BN15*$BL$32+$BL$33 -> 92.09803 | BO39: =BO15*$BL$32+$BL$33 -> 119.67203 | BP39: =BP15*$BL$32+$BL$33 -> 271.32903 | BQ39: =BQ15*$BL$32+$BL$33 -> 257.54203 | BZ39: C | CA39: =CA15*$CA$32+$CA$33 -> 2514.7583 | CB39: =CB15*$CA$32+$CA$33 -> 2514.7583 | CC39: =CC15*$CA$32+$CA$33 -> 377.48334 | CD39: =CD15*$CA$32+$CA$33 -> 329.98834 | CE39: =CE15*$CA$32+$CA$33 -> 16.521341 | CF39: =CF15*$CA$32+$CA$33 -> 54.517341 | CG39: =CG15*$CA$32+$CA$33 -> 377.48334 | CH39: =CH15*$CA$32+$CA$33 -> 358.48534 | ... CJ39: =CJ15*$CA$32+$CA$33 -> 83.014341 | CO39: C | CP39: =CP15*$CP$32+$CP$33 -> 407.41893 | CQ39: =CQ15*$CP$32+$CP$33 -> 407.41893 | CR39: =CR15*$CP$32+$CP$33 -> 684.35493 | CS39: =CS15*$CP$32+$CP$33 -> 671.76693 | CT39: =CT15*$CP$32+$CP$33 -> 470.35893 | CU39: =CU15*$CP$32+$CP$33 -> 420.00693 | CV39: =CV15*$CP$32+$CP$33 -> 243.77493 | CW39: =CW15*$CP$32+$CP$33 -> 243.77493 | DD39: C | DE39: =DE15*$DE$32+$DE$33 -> 454.34266 | DF39: =DF15*$DE$32+$DE$33 -> 401.13466 | DG39: =DG15*$DE$32+$DE$33 -> 374.53066 | DH39: =DH15*$DE$32+$DE$33 -> 367.87966 | DI39: =DI15*$DE$32+$DE$33 -> 61.933659 | DJ39: =DJ15*$DE$32+$DE$33 -> 61.933659 | DK39: =DK15*$DE$32+$DE$33 -> -4.5763409 | DL39: =DL15*$DE$32+$DE$33 -> 2.0746591 | ... DN39: =DN15*$DE$32+$DE$33 -> 2.0746591 | DS39: C | DT39: =DT15*$DT$32+$DT$33 -> 378.37412 | DU39: =DU15*$DT$32+$DT$33 -> 343.76012 | DV39: =DV15*$DT$32+$DT$33 -> 320.68412 | DW39: =DW15*$DT$32+$DT$33 -> 297.60812 | DX39: =DX15*$DT$32+$DT$33 -> 436.06412 | DY39: =DY15*$DT$32+$DT$33 -> 412.98812 | DZ39: =DZ15*$DT$32+$DT$33 -> 378.37412 | EA39: =EA15*$DT$32+$DT$33 -> 378.37412 | ... EE39: =EE15*$DT$32+$DT$33 -> 136.07613 | EH39: C | EI39: =EI15*$EI$32+$EI$33 -> 448.7206 | EJ39: =EJ15*$EI$32+$EI$33 -> 377.2273 | EK39: =EK15*$EI$32+$EI$33 -> 337.5088 | EL39: =EL15*$EI$32+$EI$33 -> 289.8466 | EM39: =EM15*$EI$32+$EI$33 -> 313.6777 | EN39: =EN15*$EI$32+$EI$33 -> 226.297 | EW39: C | EX39: =EX15*$EX$32+$EX$33 -> 400.46057 | EY39: =EY15*$EX$32+$EX$33 -> 400.46057 | EZ39: =EZ15*$EX$32+$EX$33 -> 535.89557 | FA39: =FA15*$EX$32+$EX$33 -> 535.89557 | FB39: =FB15*$EX$32+$EX$33 -> 328.22857 | FC39: =FC15*$EX$32+$EX$33 -> 355.31557 | FD39: =FD15*$EX$32+$EX$33 -> 138.61957 | FE39: =FE15*$EX$32+$EX$33 -> 156.67757 | ... FG39: =FG15*$EX$32+$EX$33 -> 373.37357 | FL39: C | FM39: =FM15*$FM$32+$FM$33 -> 387.33692 | FN39: =FN15*$FM$32+$FM$33 -> 432.39342 | FO39: =FO15*$FM$32+$FM$33 -> 558.55162 | FP39: =FP15*$FM$32+$FM$33 -> 549.54032 | FQ39: =FQ15*$FM$32+$FM$33 -> 414.37082 | FR39: =FR15*$FM$32+$FM$33 -> 414.37082 | GA39: C | GB39: =GB15*$GB$32+$GB$33 -> 407.47816 | GC39: =GC15*$GB$32+$GB$33 -> 387.31816 | GD39: =GD15*$GB$32+$GB$33 -> 286.51816 | GE39: =GE15*$GB$32+$GB$33 -> 246.19816
C40: D | D40: =D16*$D$32+$D$33 -> 775.05068 | E40: =E16*$D$32+$D$33 -> 755.08298 | F40: =F16*$D$32+$D$33 -> 255.89048 | G40: =G16*$D$32+$D$33 -> 229.26688 | H40: =H16*$D$32+$D$33 -> 56.21348 | I40: =I16*$D$32+$D$33 -> 56.21348 | J40: =J16*$D$32+$D$33 -> 102.80478 | K40: =K16*$D$32+$D$33 -> 109.46068 | R40: D | S40: =S16*$S$32+$S$33 -> 730.60689 | T40: =T16*$S$32+$S$33 -> 721.41859 | U40: =U16*$S$32+$S$33 -> 289.56849 | V40: =V16*$S$32+$S$33 -> 151.74399 | W40: =W16*$S$32+$S$33 -> 601.97069 | X40: =X16*$S$32+$S$33 -> 601.97069 | Y40: =Y16*$S$32+$S$33 -> 730.60689 | Z40: =Z16*$S$32+$S$33 -> 721.41859 | ... AB40: =AB16*$S$32+$S$33 -> 427.39299 | AG40: D | AH40: =AH16*$AH$32+$AH$33 -> 808.13176 | AI40: =AI16*$AH$32+$AH$33 -> 808.13176 | AL40: =AL16*$AH$32+$AH$33 -> 471.63076 | AM40: =AM16*$AH$32+$AH$33 -> 421.77876 | AV40: D | AW40: =AW16*$AW$32+$AW$33 -> 834.02919 | AX40: =AX16*$AW$32+$AW$33 -> 843.62059 | AY40: =AY16*$AW$32+$AW$33 -> 421.59899 | AZ40: =AZ16*$AW$32+$AW$33 -> 488.73879 | BC40: =BC16*$AW$32+$AW$33 -> 239.36239 | BD40: =BD16*$AW$32+$AW$33 -> 239.36239 | BK40: D | BL40: =BL16*$BL$32+$BL$33 -> 1112.336 | BM40: =BM16*$BL$32+$BL$33 -> 1153.697 | BN40: =BN16*$BL$32+$BL$33 -> 202.39403 | BO40: =BO16*$BL$32+$BL$33 -> 188.60703 | BP40: =BP16*$BL$32+$BL$33 -> 395.41203 | BQ40: =BQ16*$BL$32+$BL$33 -> 409.19903 | BZ40: D | CA40: =CA16*$CA$32+$CA$33 -> 1013.9163 | CB40: =CB16*$CA$32+$CA$33 -> 842.93434 | CC40: =CC16*$CA$32+$CA$33 -> 301.49134 | CD40: =CD16*$CA$32+$CA$33 -> 282.49334 | CE40: =CE16*$CA$32+$CA$33 -> 7.0223409 | CF40: =CF16*$CA$32+$CA$33 -> 7.0223409 | CG40: =CG16*$CA$32+$CA$33 -> 320.48934 | CH40: =CH16*$CA$32+$CA$33 -> 244.49734 | ... CJ40: =CJ16*$CA$32+$CA$33 -> 234.99834 | CO40: D | CP40: =CP16*$CP$32+$CP$33 -> 759.88293 | CQ40: =CQ16*$CP$32+$CP$33 -> 847.99893 | CR40: =CR16*$CP$32+$CP$33 -> 268.95093 | CS40: =CS16*$CP$32+$CP$33 -> 268.95093 | CT40: =CT16*$CP$32+$CP$33 -> 256.36293 | CU40: =CU16*$CP$32+$CP$33 -> 281.53893 | DD40: D | DE40: =DE16*$DE$32+$DE$33 -> 846.75166 | DF40: =DF16*$DE$32+$DE$33 -> 840.10066 | DG40: =DG16*$DE$32+$DE$33 -> 341.27566 | DH40: =DH16*$DE$32+$DE$33 -> 321.32266 | DI40: =DI16*$DE$32+$DE$33 -> 22.027659 | DJ40: =DJ16*$DE$32+$DE$33 -> 28.678659 | DK40: =DK16*$DE$32+$DE$33 -> 2.0746591 | DL40: =DL16*$DE$32+$DE$33 -> -4.5763409 | ... DN40: =DN16*$DE$32+$DE$33 -> 22.027659 | DS40: D | DT40: =DT16*$DT$32+$DT$33 -> 1001.4261 | DU40: =DU16*$DT$32+$DT$33 -> 955.27413 | DV40: =DV16*$DT$32+$DT$33 -> 193.76613 | DW40: =DW16*$DT$32+$DT$33 -> 170.69013 | DX40: =DX16*$DT$32+$DT$33 -> 401.45013 | DY40: =DY16*$DT$32+$DT$33 -> 401.45013 | DZ40: =DZ16*$DT$32+$DT$33 -> 159.15213 | EA40: =EA16*$DT$32+$DT$33 -> 159.15213 | ... EE40: =EE16*$DT$32+$DT$33 -> 43.772125 | EH40: D | EI40: =EI16*$EI$32+$EI$33 -> 583.7635 | EJ40: =EJ16*$EI$32+$EI$33 -> 671.1442 | EK40: =EK16*$EI$32+$EI$33 -> 369.2836 | EL40: =EL16*$EI$32+$EI$33 -> 361.3399 | EM40: =EM16*$EI$32+$EI$33 -> 432.8332 | EN40: =EN16*$EI$32+$EI$33 -> 424.8895 | EW40: D | EX40: =EX16*$EX$32+$EX$33 -> 797.73657 | EY40: =EY16*$EX$32+$EX$33 -> 815.79457 | EZ40: =EZ16*$EX$32+$EX$33 -> 508.80857 | FA40: =FA16*$EX$32+$EX$33 -> 490.75057 | FB40: =FB16*$EX$32+$EX$33 -> 337.25757 | FC40: =FC16*$EX$32+$EX$33 -> 364.34457 | FD40: =FD16*$EX$32+$EX$33 -> 111.53257 | FE40: =FE16*$EX$32+$EX$33 -> 120.56157 | ... FG40: =FG16*$EX$32+$EX$33 -> 346.28657 | FL40: D | FM40: =FM16*$FM$32+$FM$33 -> 846.91322 | FN40: =FN16*$FM$32+$FM$33 -> 837.90192 | FO40: =FO16*$FM$32+$FM$33 -> 423.38212 | FP40: =FP16*$FM$32+$FM$33 -> 450.41602 | FQ40: =FQ16*$FM$32+$FM$33 -> 513.49512 | FR40: =FR16*$FM$32+$FM$33 -> 450.41602 | GA40: D | GB40: =GB16*$GB$32+$GB$33 -> 790.51816 | GC40: =GC16*$GB$32+$GB$33 -> 780.43816 | GD40: =GD16*$GB$32+$GB$33 -> 135.31816 | GE40: =GE16*$GB$32+$GB$33 -> 205.87816
